"Jour","Mois","Titre","Catégorie","Stat","Difficulté","Temps","Coût","Objectif","Pourquoi","Instructions","Variante facile","Variante difficile","Récompense","Statut","Validé","Date de validation","Ressenti"
"1","Mois 1","Le premier pas qui compte","Sortie de zone de confort","Courage","1","5 min","0 €","Écrire noir sur blanc la version de toi que tu veux devenir cette année.","Nommer une intention transforme un vague souhait en cap concret. Ton cerveau retient ce qu'il écrit bien mieux que ce qu'il pense.","Prends une feuille ou une note sur ton téléphone. 2. Complète cette phrase : « Dans 365 jours, je veux être quelqu'un qui… ». 3. Relis-la à voix haute une fois, puis garde-la à portée de main.","Écris juste trois mots qui décrivent ce « toi » futur.","Rédige un paragraphe complet et fixe-le en fond d'écran.","Tu transformes une envie floue en direction claire. Le voyage commence.","À venir","Non","",""
"2","Mois 1","Le lit fait, la journée gagnée","Discipline","Discipline","1","3 min","0 €","Faire ton lit dès le réveil, avant toute autre chose.","La première tâche accomplie de la journée envoie un signal : tu prends les commandes. Une petite victoire à 7h en entraîne dix autres.","Au réveil, ne touche pas ton téléphone tout de suite. 2. Tire les draps, ajuste l'oreiller, lisse la couverture. 3. Recule d'un pas et regarde ton lit propre une seconde.","Range simplement l'oreiller et tire la couette par-dessus.","Fais ton lit ET range une autre surface visible (bureau, table de nuit).","Tu démarres la journée par une réussite tangible. Sentiment de contrôle immédiat.","À venir","Non","",""
"3","Mois 1","Le grand verre du matin","Santé","Vitalité","1","2 min","0 €","Boire un grand verre d'eau dans les 10 minutes après ton réveil.","Après une nuit, ton corps est déshydraté. Ce geste minuscule réveille ta vigilance et installe un réflexe santé sans effort.","Pose un verre d'eau près de ton lit ce soir, ou remplis-le au réveil. 2. Bois-le entièrement avant ton café ou ton thé. 3. Note mentalement comment tu te sens cinq minutes après.","Quelques gorgées suffisent pour valider.","Bois l'eau puis fais 30 secondes d'étirements debout.","Tu prends soin de ton corps dès la première minute. Une intention santé qui ne coûte rien.","À venir","Non","",""
"4","Mois 1","Trois lignes de gratitude","Gestion des émotions","Mental","1","5 min","0 €","Noter trois choses concrètes pour lesquelles tu es reconnaissant aujourd'hui.","Entraîner ton attention à repérer le positif réduit le bruit mental négatif. C'est un muscle qui se travaille.","Ouvre une note ou prends un carnet. 2. Écris trois éléments précis (pas « ma vie » mais « le café chaud de ce matin »). 3. Relis-les avant de fermer la note.","Note une seule chose, mais sois très précis.","Note trois choses ET explique en une phrase pourquoi chacune compte.","Tu rééquilibres ton regard sur ta journée. Un calme discret s'installe.","À venir","Non","",""
"5","Mois 1","Dix minutes loin de l'écran","Productivité","Discipline","1","10 min","0 €","Passer dix minutes consécutives sans aucun écran, en pleine conscience.","Reprendre le contrôle de ton attention commence par de courtes coupures volontaires. Tu prouves que tu peux décrocher quand tu veux.","Mets ton téléphone en mode avion et pose-le hors de vue. 2. Marche, regarde par la fenêtre ou bois un thé, sans rien d'autre. 3. Quand les 10 minutes sont passées, observe si ton envie de scroller a baissé.","Fais-le pendant 5 minutes seulement.","Fais-le à l'instant précis où tu scrolles d'habitude, ta main tendue vers le téléphone.","Tu reprends une miette de pouvoir sur ton attention. C'est toi qui décides.","À venir","Non","",""
"6","Mois 1","Un message qui fait du bien","Relations","Charisme","1","5 min","0 €","Envoyer un message sincère à quelqu'un qui compte pour toi.","Entretenir un lien demande peu et rapporte beaucoup. Tu nourris une relation et tu sors une seconde de ton nombril.","Pense à une personne que tu n'as pas contactée depuis un moment. 2. Écris-lui un message vrai : un souvenir, un merci, ou simplement « je pensais à toi ». 3. Envoie-le sans attendre de réponse parfaite en retour.","Un simple « j'espère que tu vas bien » suffit.","Appelle la personne au lieu d'écrire.","Tu te sens connecté et utile. Donner sans rien attendre fait du bien.","À venir","Non","",""
"7","Mois 1","La case rangée","Organisation","Discipline","2","10 min","0 €","Ranger entièrement une seule petite zone de ton espace de vie.","Un espace en ordre apaise l'esprit et crée une preuve visible de ton action. Tu vois le résultat, immédiatement.","Choisis une zone précise et petite (un tiroir, ton bureau, ta table de nuit). 2. Vide-la, trie, jette ou range, remets en place. 3. Prends une photo « avant/après » si tu veux marquer le coup.","Range juste les objets visibles sur une surface.","Range la zone ET donne ou jette trois objets que tu n'utilises plus.","Tu transformes le chaos en clarté. Première semaine bouclée : tu débloques le badge **Semaine Pleine** si tu n'as rien raté.","À venir","Non","",""
"8","Mois 1","La marche qui libère la tête","Sport","Vitalité","2","20 min","0 €","Faire une marche d'au moins vingt minutes, sans destination obligatoire.","Bouger ton corps libère ta tête et installe l'idée que l'activité physique n'a pas besoin d'être intense pour compter.","Mets des chaussures et sors, peu importe la météo (raisonnable). 2. Marche d'un pas régulier, sans téléphone à l'oreille. 3. Au retour, note ton niveau d'énergie comparé au départ.","Marche dix minutes seulement, mais sors vraiment.","Marche sans musique ni podcast, à l'écoute de ce qui t'entoure.","Tu sens ton corps répondre. L'esprit s'allège en même temps que les jambes bougent.","À venir","Non","",""
"9","Mois 1","La tâche que tu repousses","Discipline","Discipline","2","15 min","0 €","Régler une seule petite tâche que tu reportes depuis des jours.","La procrastination pèse plus lourd que la tâche elle-même. La traiter libère une charge mentale invisible que tu traînais.","Identifie cette tâche pénible mais courte (un mail, un appel, un papier). 2. Lance un minuteur de 15 minutes et attaque-la sans perfectionnisme. 3. Termine-la ou avance-la le plus possible avant la sonnerie.","Fais juste la première micro-étape (ouvrir le dossier, composer le numéro).","Repère ce qui t'a fait reporter cette tâche, et écris-le en une phrase.","Tu te débarrasses d'un poids mental. Le soulagement est immédiat et grisant.","À venir","Non","",""
"10","Mois 1","Le compliment osé","Social","Charisme","2","5 min","0 €","Faire un compliment sincère à une personne dans la vraie vie.","Oser parler positivement à quelqu'un muscle ton aisance sociale et crée du lien. Un petit pas hors de ta réserve.","Repère quelque chose de vrai chez quelqu'un (un effort, un style, une attitude). 2. Dis-le simplement, sans en faire trop : « J'aime bien… » ou « Bravo pour… ». 3. Observe la réaction sans chercher à meubler ensuite.","Fais le compliment à un proche, c'est moins intimidant.","Fais-le à un inconnu ou une connaissance lointaine.","Tu réalises que parler aux autres est moins risqué que ta peur le dit. Confiance gagnée.","À venir","Non","",""
"11","Mois 1","Le menu fait maison","Santé","Vitalité","2","20 min","~3 €","Préparer toi-même un repas simple au lieu de commander ou d'acheter du tout-prêt.","Cuisiner, même basique, te redonne le contrôle sur ce que tu manges et casse l'automatisme de la livraison facile.","Choisis une recette simple (œufs, pâtes maison, salade complète). 2. Prépare-la entièrement toi-même, sans plat préparé. 3. Mange-la posément, sans écran, et note la différence de satisfaction.","Améliore un plat de base avec des ingrédients frais ajoutés.","Cuisine un repas que tu n'as jamais fait avant.","Tu te sens autonome et capable. Manger ce que tu as créé a un goût différent.","À venir","Non","",""
"12","Mois 1","Quinze minutes pour apprendre","Apprentissage","Savoir","2","15 min","0 €","Apprendre une chose précise et nouvelle pendant quinze minutes ciblées.","Nourrir activement ta curiosité plutôt que de consommer passivement entretient ton cerveau et ton sentiment de progresser.","Choisis un sujet précis qui t'intrigue (un raccourci clavier, un mot d'une langue, un concept). 2. Apprends-le activement : note, répète, reformule avec tes mots. 3. Explique-le mentalement comme si tu l'enseignais à quelqu'un.","Apprends une seule information mémorable en 5 minutes.","Apprends quelque chose ET applique-le concrètement dans la foulée.","Tu sens ton esprit s'ouvrir. Apprendre par choix est valorisant.","À venir","Non","",""
"13","Mois 1","Le solde regardé en face","Finances","Prospérité","2","10 min","0 €","Regarder honnêtement le solde de ton compte et tes dépenses de la semaine.","On évite souvent ses comptes par anxiété. Les regarder en face enlève le flou et te redonne du pouvoir sur ton argent.","Ouvre ton appli bancaire ou ton relevé. 2. Note ton solde actuel et repère tes trois plus grosses dépenses récentes. 3. Identifie une dépense que tu pourrais éviter la semaine prochaine.","Regarde simplement ton solde et respire un coup.","Trie tes dépenses du mois en deux colonnes : essentiel / superflu.","Tu remplaces l'angoisse du flou par la clarté des chiffres. Plus de fuite.","À venir","Non","",""
"14","Mois 1","La photo qui raconte","Créativité","Création","2","15 min","0 €","Prendre une photo soignée d'un détail ordinaire de ton quotidien.","Chercher la beauté dans le banal réveille ton œil créatif et t'apprend à être présent à ce qui t'entoure.","Observe autour de toi un détail que tu ignores d'habitude (lumière, texture, ombre). 2. Prends le temps de cadrer une vraie photo, pas un cliché pris à la va-vite. 3. Regarde le résultat et demande-toi ce qui t'a attiré dans cette image.","Prends trois photos rapides et garde la meilleure.","Compose ta photo autour d'une seule couleur dominante.","Tu redécouvres ton environnement avec un regard neuf. La créativité ne dort plus.","À venir","Non","",""
"15","Mois 1","La pause respiration","Gestion des émotions","Mental","2","10 min","0 €","Faire dix minutes de respiration calme et consciente.","Apprendre à ralentir ton souffle te donne un bouton « pause » utilisable n'importe quand pour gérer stress et impulsivité. Tu es à mi-mois : ancre cette compétence.","Assieds-toi confortablement, dos droit, yeux fermés. 2. Inspire 4 secondes, retiens 2, expire 6, et recommence. 3. Quand ton esprit dérive, ramène-le doucement à ton souffle.","Fais-le pendant 5 minutes avec une appli guidée.","Fais-le sans support audio, en comptant toi-même chaque cycle.","Tu découvres que le calme est à portée de souffle. Un outil pour la vie.","À venir","Non","",""
"16","Mois 1","Le défi de l'inconnu local","Aventure","Courage","2","20 min","0 €","Explorer une rue ou un lieu de ton quartier que tu n'as jamais vraiment regardé.","L'aventure ne demande pas un billet d'avion. Casser ta routine de trajet réveille ta curiosité et brise la sensation de monotonie.","Choisis une direction que tu ne prends jamais. 2. Marche en observant comme un touriste dans ta propre ville. 3. Repère un endroit, un détail ou un commerce que tu ne connaissais pas.","Change juste d'itinéraire pour un trajet habituel.","Entre dans un commerce inconnu et échange deux phrases avec la personne.","Tu réalises que la nouveauté est à deux rues de chez toi. L'ennui recule.","À venir","Non","",""
"17","Mois 1","Le « non » assumé","Confiance en soi","Courage","2","5 min","0 €","Dire « non » clairement à une sollicitation qui ne te convient pas, sans te justifier longuement.","Poser une limite est un acte de respect envers toi-même. Chaque « non » assumé renforce ton sentiment de valeur.","Repère une demande à laquelle tu dirais « oui » par réflexe ou par peur. 2. Décline poliment mais fermement, sans inventer dix excuses. 3. Observe que le ciel ne te tombe pas sur la tête.","Refuse une petite chose à faible enjeu (un démarchage, un extra).","Dis « non » à une demande qui t'embarrasse vraiment.","Tu sens ton espace personnel se renforcer. Tu existes, avec tes limites.","À venir","Non","",""
"18","Mois 1","La to-do de trois","Productivité","Discipline","2","10 min","0 €","Définir tes trois priorités du jour le matin, et les cocher avant le soir.","Une journée sans cap part dans tous les sens. Trois priorités claires concentrent ton énergie sur ce qui compte vraiment.","Le matin, écris exactement trois tâches prioritaires, pas plus. 2. Attaque-les dans l'ordre d'importance au fil de la journée. 3. Le soir, coche celles accomplies et observe ton sentiment de progrès.","Définis une seule priorité non négociable du jour.","Bloque un créneau précis dans ton agenda pour chaque priorité.","Tu finis la journée avec un sentiment de mission accomplie, pas de dispersion.","À venir","Non","",""
"19","Mois 1","Le tri qui libère","Organisation","Discipline","2","15 min","0 €","Désencombrer un espace numérique que tu négliges (galerie, boîte mail, applis).","Le désordre numérique génère une charge mentale sourde et invisible. Faire le vide à l'écran crée de l'espace dans ta tête. (Le tri physique, lui, t'attend au jour 7.)","Choisis une cible numérique : galerie photo, boîte mail, écran d'accueil. 2. Supprime, archive ou désinstalle ce qui ne te sert plus. 3. Observe ton écran allégé une fois terminé.","Désinstalle trois applis que tu n'ouvres jamais.","Range ton écran d'accueil pour ne garder que l'essentiel à portée de pouce.","Tu respires mieux dans un espace allégé. Moins de bruit, plus de clarté.","À venir","Non","",""
"20","Mois 1","Le corps qui s'active à la maison","Sport","Vitalité","2","10 min","0 €","Faire dix minutes d'exercice physique à la maison, sans matériel.","Tu n'as pas besoin d'une salle de sport pour bouger. Une routine courte chez toi prouve que l'excuse « pas le temps » ne tient pas, et complète la marche du jour 8 par un effort plus tonique.","Choisis trois mouvements simples (squats, pompes, gainage). 2. Enchaîne-les en circuit à ton rythme. 3. Termine par 30 secondes d'étirement et note ta respiration.","Fais une version douce : squats lents et pompes sur les genoux.","Filme-toi une série pour corriger ta posture en te revoyant.","Tu sens ton corps capable et réactif. La fierté du sportif du dimanche, en semaine.","À venir","Non","",""
"21","Mois 1","La parole en public miniature","Social","Charisme","3","10 min","0 €","Prendre la parole spontanément dans un groupe ou poser une question à voix haute.","Oser parler devant plusieurs personnes, même brièvement, attaque de front la peur du regard des autres. Tu entres dans la troisième semaine plus affirmé.","Repère une occasion : réunion, cours, groupe d'amis, file d'attente. 2. Pose une question ou donne ton avis à voix audible, sans murmurer. 3. Tiens jusqu'au bout de ta phrase même si le cœur s'emballe.","Pose une question simple à un commerçant ou un agent.","Prends la parole dans une réunion ou un groupe que tu n'oses jamais couper.","Tu prouves que ta voix a sa place. La peur perd un peu de terrain.","À venir","Non","",""
"22","Mois 1","Le matin volé au monde","Discipline","Discipline","3","variable","0 €","Te lever 30 minutes plus tôt que d'habitude et offrir ce temps à une chose pour toi.","Gagner une demi-heure le matin, c'est gagner un espace à toi avant que le monde ne réclame ton attention. La discipline du lever est la mère des autres.","Ce soir, règle ton réveil 30 minutes plus tôt et couche-toi en conséquence. 2. Au réveil, lève-toi dès la première sonnerie, sans snooze. 3. Consacre ces 30 minutes à une chose qui te fait du bien (lecture, sport, calme).","Lève-toi 15 minutes plus tôt seulement.","Pose ton réveil à l'autre bout de la pièce pour t'obliger à te lever.","Tu commences la journée en avance sur toi-même. Sentiment de maîtrise rare et puissant.","À venir","Non","",""
"23","Mois 1","La journée sans plainte","Gestion des émotions","Mental","3","toute la journée","0 €","Passer une journée entière sans te plaindre à voix haute.","La plainte automatique entretient une vision négative et te victimise. T'en priver une journée révèle à quel point elle était devenue un réflexe.","Au réveil, décide consciemment : aujourd'hui, zéro plainte. 2. Chaque fois que tu sens venir une plainte, transforme-la en constat ou en solution. 3. Le soir, note combien de fois tu as failli craquer.","Tiens une demi-journée sans plainte.","Reformule chaque frustration de la journée en une action concrète.","Tu reprends la main sur ton dialogue intérieur. Plus acteur, moins spectateur.","À venir","Non","",""
"24","Mois 1","L'expérience du goût neuf","Expériences nouvelles","Création","3","20 min","~5 €","Goûter un aliment, un plat ou une boisson que tu n'as jamais essayé.","Élargir ton champ d'expériences, même par un détail comme la nourriture, entraîne ton cerveau à dire « oui » à la nouveauté plutôt qu'à fuir.","Repère un produit inconnu (un fruit exotique, un plat d'une autre culture, une épice). 2. Procure-le-toi ou prépare-le. 3. Goûte-le vraiment, en décrivant la saveur avant de juger « j'aime / j'aime pas ».","Goûte une variante inédite d'un plat que tu connais déjà.","Cuisine un plat entier d'une cuisine que tu n'as jamais préparée.","Tu découvres que dire oui à l'inconnu est souvent agréable. Le réflexe s'inverse.","À venir","Non","",""
"25","Mois 1","Le mini-projet créatif","Créativité","Création","3","20 min","0 €","Créer quelque chose de tes mains en vingt minutes, sans viser la perfection.","Produire au lieu de seulement consommer réactive un plaisir oublié et nourrit ton estime. Le « fait » bat le « parfait ».","Choisis un format simple : un dessin, un poème, un montage, une mélodie. 2. Lance un minuteur de 20 minutes et crée sans t'autocensurer. 3. Garde le résultat tel quel, imparfait mais terminé.","Crée quelque chose de minuscule en 10 minutes.","Crée puis partage ta création avec une personne.","Tu retrouves la joie de fabriquer. Fierté de l'objet fini, même modeste.","À venir","Non","",""
"26","Mois 1","L'enveloppe d'épargne","Finances","Prospérité","3","10 min","~5 € mis de côté","Mettre une petite somme de côté et ouvrir ou alimenter une réserve dédiée.","Épargner n'est pas une question de montant mais d'habitude. Le premier euro mis de côté volontairement enclenche une mécanique vertueuse.","Choisis une somme modeste mais réelle (5 €, 10 €, ce que tu peux). 2. Transfère-la sur un compte épargne ou place-la dans une enveloppe physique dédiée. 3. Note la date et la somme : c'est le début de ta réserve.","Mets de côté la monnaie de ta poche du jour.","Mets en place un virement automatique mensuel, même petit.","Tu te sens prévoyant et adulte de ton argent. Un filet qui commence à se tisser.","À venir","Non","",""
"27","Mois 1","La conversation avec un inconnu","Sortie de zone de confort","Courage","3","5 min","0 €","Engager une vraie courte conversation avec une personne que tu ne connais pas.","Briser la glace avec un inconnu est un grand classique de la peur sociale. Le faire prouve que la catastrophe redoutée n'arrive jamais.","Repère une occasion naturelle (file d'attente, commerce, transport). 2. Lance une phrase d'ouverture simple et sincère (une remarque, une question). 3. Échange quelques phrases sans forcer, puis conclus tranquillement.","Échange juste deux phrases polies avec un commerçant.","Pose une question ouverte et tiens une conversation de plusieurs échanges.","Tu désamorces une peur sociale tenace. Le monde devient un peu moins intimidant.","À venir","Non","",""
"28","Mois 1","La déconnexion du soir","Santé","Vitalité","3","60 min avant le coucher","0 €","Couper tous les écrans une heure avant de dormir.","La lumière et la stimulation des écrans sabotent ton sommeil. Une heure de coupure améliore ta récupération et casse l'habitude du scroll au lit.","Fixe ton heure de coucher et soustrais 60 minutes : c'est ton heure de coupure. 2. À ce moment, pose ton téléphone hors de la chambre, écran éteint. 3. Remplace par une activité calme (lecture, étirements, écriture).","Coupe les écrans 30 minutes avant de dormir.","Laisse ton téléphone dans une autre pièce toute la nuit.","Tu retrouves un sommeil plus profond et des soirées plus apaisées. Le lit redevient un lieu de repos.","À venir","Non","",""
"29","Mois 1","Le coup de main offert","Relations","Charisme","3","20 min","0 €","Rendre un service concret à quelqu'un, sans qu'on te le demande.","Donner spontanément renforce tes liens et ton sentiment d'utilité. C'est une petite victoire qui rejaillit sur ton humeur autant que sur l'autre.","Repère un proche, un collègue ou un voisin qui pourrait avoir besoin d'aide. 2. Propose un coup de main précis, ou agis directement (porter, ranger, dépanner). 3. Fais-le sans attendre de remerciement particulier.","Rends un micro-service rapide (tenir une porte, partager une info utile).","Consacre une vraie demi-heure à aider quelqu'un sur une tâche.","Tu te sens connecté et précieux. Aider remplit autant que recevoir.","À venir","Non","",""
"30","Mois 1","Le défi face au miroir","Confiance en soi","Courage","3","5 min","0 €","Te regarder dans le miroir et nommer trois choses que tu apprécies chez toi.","S'adresser de la bienveillance à soi-même est inconfortable au début, et c'est exactement pour ça que c'est utile. Tu débloques le badge **Mois de Fer** si tu n'as raté aucun jour.","Place-toi face à un miroir, sans te presser. 2. Regarde-toi dans les yeux et dis à voix haute trois qualités ou réussites concrètes. 3. Tiens le regard quelques secondes après la dernière phrase.","Note ces trois choses par écrit avant de te les dire.","Adresse-toi une de ces phrases en utilisant ton prénom (« Toi, [prénom], tu… »).","Tu apprends à être ton allié plutôt que ton pire critique. Une confiance qui s'enracine.","À venir","Non","",""
"31","Mois 1","Le bilan des petites victoires","Discipline","Discipline","3","20 min","0 €","Relire ton mois, mesurer le chemin parcouru et formuler ta fierté.","Reconnaître ce que tu as accompli ancre tes efforts dans ta mémoire et transforme une suite de jours en preuve concrète de progression. Tu clôtures ton premier cap.","Reprends tes 30 validations précédentes et relis tes ressentis. 2. Repère les trois défis qui t'ont le plus marqué et écris pourquoi. 3. Note en une phrase ce que ce mois t'a appris sur ta capacité à tenir.","Note simplement les trois plus belles victoires du mois.","Rédige une lettre à ton toi du début de mois pour lui raconter le chemin.","Tu prends la mesure de ta constance. La preuve est là, noir sur blanc : tu avances.","À venir","Non","",""
"32","Mois 2","Filme ton échec, écoute sa leçon","Confiance en soi","Courage","4","20 min","0 €","Te filmer en racontant un échec vécu et la leçon qu'il t'a laissée, puis te réécouter.","Mettre des mots sur un échec face caméra désamorce la honte qui l'entoure. Te réécouter prouve que tu peux regarder ta propre fragilité en face sans t'effondrer — c'est la base d'une confiance lucide.","Choisis un échec concret que tu portes encore un peu, et la leçon que tu en retires aujourd'hui. Filme-toi 2 minutes avec ton téléphone : raconte ce qui s'est passé, puis ce que ça t'a appris. Réécoute la prise une fois, sans te démolir, et note la phrase la plus juste que tu as dite.","Fais-le en audio seulement, sans la vidéo.","Refais une prise plus posée, puis garde la version où tu assumes l'échec sans t'excuser.","Tu transformes un souvenir honteux en récit dont tu es l'auteur, pas la victime.","À venir","Non","",""
"33","Mois 2","La demande inconfortable, en personne","Confiance en soi","Courage","4","20 min","0 €","Faire une demande inconfortable en personne (un rabais, un prêt, une information) et observer le résultat réel.","On imagine toujours le pire avant de demander. Le faire en face, à voix haute, puis comparer la catastrophe imaginée au résultat réel, casse l'illusion que demander est dangereux.","Choisis une demande qui te met légèrement mal à l'aise : un rabais en boutique, un petit prêt, une info qu'on n'ose pas réclamer. Va vers la personne et formule la demande clairement, en la regardant, sans t'excuser dix fois. Note ce qui s'est réellement passé (oui, non, négociation) et compare-le à ce que tu redoutais.","Choisis la demande la plus petite et la plus simple de ta liste.","Enchaîne deux demandes inconfortables différentes dans la journée, à deux endroits.","Tu encaisses la preuve que le pire que tu imagines n'arrive presque jamais.","À venir","Non","",""
"34","Mois 2","Le compliment offert","Social","Charisme","3","5 min","0 €","Faire un compliment sincère et précis à une personne aujourd'hui.","Donner un compliment t'oblige à initier l'échange et à assumer ta parole. C'est une micro-sortie de zone de confort qui crée du lien et muscle ton aisance sociale.","Repère quelque chose de vrai et précis chez quelqu'un (un effort, une idée, un détail). Va vers la personne et formule le compliment clairement, en la regardant. Reste présent une seconde après, sans fuir, pour accueillir sa réaction.","Envoie le compliment par message à un proche.","Fais le compliment à une personne que tu connais peu ou pas.","Tu prouves que prendre l'initiative sociale ne fait pas mal — et que ça fait du bien aux deux.","À venir","Non","",""
"35","Mois 2","Inventaire de victoires","Confiance en soi","Courage","3","15 min","0 €","Lister par écrit dix réussites passées, petites ou grandes.","Ton cerveau retient les échecs et efface les réussites. Les écrire noir sur blanc crée une preuve tangible que tu es déjà capable de beaucoup.","Prends ton carnet et écris en haut « Ce que j'ai déjà réussi ». Note dix réussites, sans filtre : un examen, un déménagement, une amitié gardée, une peur surmontée. Relis la liste à voix haute en finissant par « J'ai fait tout ça ».","Liste-en cinq au lieu de dix.","Pour chaque réussite, note la qualité personnelle qu'elle révèle.","Tu te reconnectes à un palmarès oublié qui prouve que tu avances déjà.","À venir","Non","",""
"36","Mois 2","Le contact visuel assumé","Social","Charisme","3","10 min","0 €","Maintenir le contact visuel et sourire à cinq inconnus dans la journée.","Fuir le regard signale au cerveau qu'il y a un danger. Soutenir le regard, même brièvement, rééduque ce réflexe et installe une présence calme.","En marchant ou en faisant tes courses, croise le regard de cinq personnes. Tiens le contact une seconde de plus que d'habitude et esquisse un sourire. Continue ton chemin naturellement, sans détourner les yeux en premier par gêne.","Vise trois personnes et garde le contact une demi-seconde.","Ajoute un « bonjour » ou un signe de tête à chaque regard.","Tu remplaces l'évitement par une présence assumée, et le monde devient moins menaçant.","À venir","Non","",""
"37","Mois 2","Refuse une demande déjà acceptée","Relations","Charisme","4","15 min","0 €","Revenir sur un « oui » donné à contrecœur et le transformer en refus assumé.","Dire non d'emblée est une chose ; oser se rétracter d'un engagement déjà pris en est une autre, bien plus exposante. Le faire prouve que ton bien-être compte plus que la peur de décevoir.","Repère un engagement que tu as accepté mais que tu regrettes (un service, une sortie, une tâche). Contacte la personne et dis posément : « J'ai réfléchi, je ne pourrai pas tenir cet engagement. » Tiens ta position sans inventer dix raisons, et propose au plus une alternative si tu le souhaites.","Annule un engagement de faible enjeu pris avec un proche compréhensif.","Reviens sur un engagement pris avec quelqu'un dont tu redoutes la réaction.","Tu apprends qu'on peut décevoir sans se faire rejeter, et que ton confort a le droit d'exister.","À venir","Non","",""
"38","Mois 2","La question à voix haute","Sortie de zone de confort","Courage","3","10 min","0 €","Poser une question en public ou en groupe, là où tu te serais tu.","La peur du jugement nous fait avaler nos questions. Les poser quand même prouve que ton avis a sa place et que la honte redoutée n'arrive pas.","Dans une réunion, un cours, un groupe ou un commerce, repère une vraie question que tu as. Lève la main ou prends la parole et pose-la clairement. Remercie pour la réponse, sans t'excuser d'avoir demandé.","Pose ta question à une seule personne plutôt qu'à un groupe.","Pose deux questions dans la même situation, dont une qui t'expose un peu.","Tu découvres que prendre la parole ne provoque pas de catastrophe, juste un peu d'adrénaline utile.","À venir","Non","",""
"39","Mois 2","Cinq vêtements, un don","Organisation","Discipline","3","30 min","0 €","Donner ou vendre 5 vêtements jamais portés, puis offrir le gain.","Se séparer de ce qu'on garde « au cas où » entraîne le lâcher-prise et l'action. Offrir le fruit du tri ajoute du sens : tu transformes un placard saturé en geste utile.","Ouvre ton armoire et sors 5 vêtements que tu n'as jamais (ou presque jamais) portés. Donne-les à une association ou mets-les en vente sur une appli de seconde main. Offre le gain : don à une cause, ou cadeau à un proche si rien n'a été vendu.","Commence par 3 vêtements et un don à une borne de collecte proche.","Étends le tri à 10 pièces et reverse l'intégralité du gain à une cause choisie.","Tu sens la légèreté d'un espace qui se libère et la fierté d'un geste qui sert.","À venir","Non","",""
"40","Mois 2","Demande une recommandation à un inconnu","Social","Charisme","4","10 min","0 €","Aborder une personne inconnue pour lui demander un avis ou une recommandation concrète.","Aller au-delà du simple bonjour en sollicitant l'aide d'un inconnu crée un vrai échange à enjeu. Tu sors du small talk passif pour assumer une interaction qui sert à quelque chose.","Choisis un lieu où l'on peut conseiller : librairie, rayon, salle de sport, marché. Aborde une personne et demande-lui une recommandation précise (un livre, un produit, un bon spot du coin). Écoute vraiment sa réponse, rebondis avec une question, puis remercie chaleureusement.","Demande la recommandation à un membre du personnel plutôt qu'à un client.","Recueille les conseils de deux inconnus différents et prolonge l'échange une minute chacun.","Tu découvres que les gens aiment aider, et qu'aborder un inconnu ouvre des portes au lieu d'en fermer.","À venir","Non","",""
"41","Mois 2","Affronte une mini-peur","Sortie de zone de confort","Courage","3","20 min","0 €","Faire une chose précise qui t'intimide légèrement et que tu repousses.","Chaque peur évitée renforce la peur. La franchir une fois prouve à ton cerveau que tu survis — et la prochaine sera plus facile.","Note la petite chose que tu reportes par appréhension (un appel, une réclamation, un retour à faire). Décide d'une heure précise dans la journée pour l'accomplir. Fais-la sans sur-réfléchir, puis note ce qui s'est réellement passé.","Choisis la version la plus petite possible de cette peur.","Affronte la peur la plus inconfortable de ta liste actuelle.","Tu encaisses la preuve que l'anticipation fait toujours plus mal que l'action.","À venir","Non","",""
"42","Mois 2","Parle de toi en 60 secondes","Confiance en soi","Courage","3","20 min","0 €","Te filmer en train de te présenter avec aisance pendant une minute.","Te voir et t'entendre te présenter désamorce la peur de ta propre image et te force à formuler clairement qui tu es et ce que tu vaux.","Prépare trois points : qui tu es, ce que tu aimes, vers quoi tu vas. Filme-toi une minute avec ton téléphone, debout, posé. Regarde la vidéo une fois, sans te démolir, et note un point fort à garder.","Fais-le en audio seulement, sans la vidéo.","Refais une prise jusqu'à une version fluide que tu pourrais montrer.","Tu apprivoises ton image et ta voix, deux sources fréquentes de gêne.","À venir","Non","",""
"43","Mois 2","Demande une faveur","Social","Charisme","3","10 min","0 €","Demander de l'aide ou un service à quelqu'un aujourd'hui.","Demander expose à un refus possible, ce qui nous bloque. Oser le faire prouve que demander n'est pas une faiblesse mais une compétence.","Identifie un besoin réel : un conseil, un coup de main, une recommandation. Formule la demande clairement et directement, sans tourner autour. Accepte la réponse, oui ou non, sans t'excuser d'avoir demandé.","Demande quelque chose de très simple à un proche.","Demande un service un peu plus grand à une personne moins proche.","Tu désactives la peur du refus en découvrant qu'un « non » ne te diminue pas.","À venir","Non","",""
"44","Mois 2","Accepte le compliment","Gestion des émotions","Mental","3","5 min","0 €","Recevoir un compliment par un simple « merci », sans le minimiser.","Balayer les compliments (« oh c'est rien ») entretient une mauvaise estime de soi. Les accepter pleinement entraîne ton cerveau à reconnaître ta valeur.","Sois attentif au prochain compliment que tu reçois. Réponds uniquement « Merci, ça me touche » et arrête-toi là. Résiste à l'envie de minimiser, de te dévaloriser ou de renvoyer aussitôt la balle.","Si aucun compliment ne vient, relis et accepte un compliment passé reçu par message.","Maintiens cette règle pour tous les compliments de la journée.","Tu apprends à laisser entrer le positif au lieu de le bloquer à la porte.","À venir","Non","",""
"45","Mois 2","Le premier rang","Sortie de zone de confort","Courage","3","Variable","0 €","Te placer volontairement devant, au centre ou en première ligne d'une situation.","On se cache au fond pour ne pas être vu. Choisir le devant, c'est décider d'occuper l'espace et d'assumer ta présence.","Dans un cours, une réunion, une salle de sport ou un événement, repère où tu te mettrais d'habitude. Choisis délibérément la place la plus visible : premier rang, centre, devant. Tiens-toi droit et reste-y jusqu'au bout, sans te replier.","Avance d'un rang par rapport à ta place habituelle.","Prends en plus la parole une fois depuis cette place.","Tu prends l'habitude d'exister au grand jour plutôt que de te fondre dans le décor.","À venir","Non","",""
"46","Mois 2","La lettre à ton futur toi","Confiance en soi","Courage","3","20 min","0 €","Écrire une lettre au toi de la fin de l'année, qui croit en lui.","Projeter une version de toi accomplie crée un cap clair et renforce ton engagement. Tu écris la confiance avant de la vivre.","Commence par « Cher futur moi, voici qui je deviens cette année ». Décris la personne plus confiante que tu construis et pourquoi tu y crois. Range la lettre dans un endroit où tu la retrouveras à la fin de l'année.","Écris un seul paragraphe au lieu d'une lettre complète.","Programme un mail à toi-même pour le jour 365.","Tu te donnes une direction et un témoin futur de ta transformation.","À venir","Non","",""
"47","Mois 2","Exprime un désaccord calme","Relations","Charisme","3","10 min","0 €","Exprimer un désaccord posé sur un sujet où tu aurais d'habitude suivi.","Toujours acquiescer pour éviter le conflit efface ton identité. Affirmer un point de vue différent, sans agressivité, ancre le respect de soi.","Repère une discussion où ton avis diffère de celui exprimé. Dis posément « Je vois les choses autrement, voici pourquoi » et explique. Reste calme et ouvert, même si l'autre n'est pas d'accord.","Exprime ton désaccord à une seule personne de confiance.","Maintiens ton point de vue face à un groupe qui pense l'inverse.","Tu découvres que tu peux être en désaccord sans te faire rejeter.","À venir","Non","",""
"48","Mois 2","La lettre la plus honnête","Gestion des émotions","Mental","4","25 min","0 €","Écrire la lettre la plus honnête à la personne dont tu redoutes le jugement (pas obligé de l'envoyer).","Coucher sur le papier ce qu'on n'ose pas dire à la personne qui nous intimide le plus libère une charge émotionnelle énorme. L'écrit te rend la parole, même sans destinataire.","Identifie la personne dont le regard ou le jugement pèse le plus sur toi. Écris-lui une lettre totalement honnête : ce que tu ressens, ce que tu n'as jamais osé dire. Relis-la une fois, puis décide en conscience : la garder, la déchirer, ou (si tu le veux vraiment) l'envoyer.","Écris seulement les trois phrases que tu n'as jamais osé dire à cette personne.","Lis la lettre à voix haute, seul, comme si la personne était en face de toi.","Tu reprends le pouvoir sur une parole bloquée depuis longtemps, sans dépendre de la réaction de l'autre.","À venir","Non","",""
"49","Mois 2","Partage une opinion en public","Créativité","Création","3","20 min","0 €","Publier une opinion ou une création personnelle visible par d'autres.","Se montrer publiquement expose au jugement, ce qui nous paralyse. Le faire une fois prouve que ta voix mérite d'exister dans l'espace commun.","Choisis une idée, une réflexion ou une création dont tu es un peu fier. Partage-la sur un réseau, dans un groupe ou auprès d'un cercle élargi. Assume-la sans la supprimer dans l'heure par peur des réactions.","Partage dans un petit groupe privé de confiance.","Publie sur un compte ouvert et accepte les retours.","Tu fais le deuil de l'invisibilité confortable et tu existes pour de vrai.","À venir","Non","",""
"50","Mois 2","Le cap des 50, célébré","Confiance en soi","Courage","3","15 min","0 €","Reconnaître ta progression depuis le jour 1 et te féliciter concrètement.","Marquer les paliers entretient la motivation et nourrit l'estime de soi. Tu as tenu 50 jours : c'est une preuve, pas un hasard.","Relis ton carnet et liste trois changements observés depuis le début. Écris une phrase de fierté sincère adressée à toi-même. Offre-toi une petite récompense symbolique et gratuite (un moment, une pause, un plaisir simple).","Note juste un seul progrès et un merci à toi-même.","Raconte ta progression à un proche, à voix haute, sans minimiser.","Tu transformes un effort invisible en fierté assumée et tu recharges ta motivation.","À venir","Non","",""
"51","Mois 2","Ta voix, sur bande","Apprentissage","Savoir","3","25 min","0 €","Enregistrer ta voix en lisant un texte, repérer tics et débit, refaire une prise nette.","On a tous une voix « intérieure » plus assurée que celle qu'on entend sur enregistrement. S'écouter vraiment, repérer ses tics et corriger, c'est apprendre à porter sa parole avec aisance.","Choisis un texte court (un paragraphe, un extrait, quelques lignes que tu aimes). Enregistre une première lecture avec ton téléphone, puis réécoute en notant tes tics (« euh », débit trop rapide, mots avalés). Refais une prise plus nette : plus lente, plus posée, avec les corrections repérées.","Lis seulement deux ou trois phrases et compare les deux prises.","Enchaîne trois prises et garde celle où ta voix est la plus claire et la plus posée.","Tu apprivoises ta voix réelle et tu gagnes un outil concret pour parler avec plus d'assurance.","À venir","Non","",""
"52","Mois 2","Le rejet volontaire","Sortie de zone de confort","Courage","4","15 min","0 €","Faire une demande susceptible d'être refusée, pour t'entraîner au « non ».","La peur du rejet pilote secrètement énormément de nos décisions. Provoquer un petit refus volontaire désamorce cette peur et t'immunise peu à peu.","Choisis une demande raisonnable mais probablement refusée (un surclassement, un délai, un essai gratuit). Formule-la poliment et clairement, sans t'excuser. Accueille le « non » avec un sourire : c'est l'objectif, pas l'échec.","Demande une petite faveur improbable à un commerce.","Enchaîne deux demandes différentes dans la journée.","Tu transformes le rejet en simple information, et il perd son pouvoir sur toi.","À venir","Non","",""
"53","Mois 2","Prends une décision en 60 secondes","Discipline","Discipline","3","10 min","0 €","Trancher une décision que tu repousses, en moins d'une minute de réflexion.","L'indécision chronique sape la confiance : elle dit à ton cerveau que tu ne peux pas te faire confiance. Décider vite, même imparfaitement, restaure ce pouvoir.","Identifie une décision en suspens depuis trop longtemps. Liste les deux options principales, chrono d'une minute lancé. Choisis, engage un premier acte concret immédiatement, et n'y reviens pas.","Applique-le à une décision de faible enjeu pour t'entraîner.","Tranche une décision qui te tracasse depuis des semaines.","Tu sens le soulagement d'avancer plutôt que de ressasser.","À venir","Non","",""
"54","Mois 2","Demande un retour honnête","Relations","Charisme","4","20 min","0 €","Demander à quelqu'un de confiance un retour sincère sur l'un de tes points forts et un axe de progrès.","Oser entendre comment on est perçu demande du courage, mais c'est l'un des plus puissants leviers de confiance lucide : tu sais sur quoi tu t'appuies vraiment.","Choisis une personne bienveillante qui te connaît bien. Demande-lui une qualité qu'elle voit en toi et une chose à améliorer. Écoute sans te défendre, remercie, et note ce qui résonne.","Demande seulement le point fort, sans l'axe de progrès.","Recueille le retour de deux personnes différentes et compare.","Tu remplaces tes suppositions par des faits, et ta confiance devient solide car réaliste.","À venir","Non","",""
"55","Mois 2","Le silence assumé","Gestion des émotions","Mental","3","10 min","0 €","Tenir une pause de quelques secondes avant de répondre, sans combler le vide.","Parler trop vite par malaise trahit le manque d'assurance. Maîtriser le silence montre que tu es à l'aise avec toi-même et donne du poids à ta parole.","Dans tes conversations du jour, marque une pause de 2-3 secondes avant de répondre. Résiste à l'envie de remplir le silence par des « euh » ou des excuses. Parle ensuite posément, en regardant la personne.","Applique-le dans une seule conversation choisie.","Tiens un silence après une question difficile, le temps de répondre vraiment.","Tu découvres que le calme impose plus le respect que le débit rapide.","À venir","Non","",""
"56","Mois 2","Sors seul, assume-le","Expériences nouvelles","Création","4","60 min","0 € à ~10 €","Faire seul une activité que tu n'oses faire qu'accompagné.","Avoir besoin des autres pour exister dans l'espace public révèle une dépendance à leur regard. Y aller seul prouve que ta présence te suffit.","Choisis une activité : café, ciné, expo, restaurant, balade. Vas-y seul, sans te cacher derrière ton téléphone tout du long. Profite vraiment du moment et note ce que tu ressens à l'aise comme inconfortable.","Va prendre un café seul en terrasse pendant 20 minutes.","Va au restaurant ou au cinéma seul, en pleine affluence.","Tu prouves que tu es une bonne compagnie pour toi-même, ce qui te libère du regard des autres.","À venir","Non","",""
"57","Mois 2","La prise de parole préparée","Apprentissage","Savoir","4","30 min","0 €","Présenter une idée structurée à voix haute devant au moins une personne.","Savoir exposer une idée clairement et la défendre est une compétence de confiance majeure. La préparer puis la livrer transforme le trac en maîtrise.","Choisis un sujet que tu connais et prépare trois points clairs. Répète à voix haute une fois, sans lire mot à mot. Présente-la à un proche, un collègue ou un petit groupe, debout et posé.","Présente tes trois points à une seule personne assise en face de toi.","Présente sans notes devant un petit groupe et réponds aux questions.","Tu transformes la peur de parler en plaisir d'être écouté.","À venir","Non","",""
"58","Mois 2","Recadre une critique","Gestion des émotions","Mental","4","20 min","0 €","Reprendre une critique passée qui t'a blessé et en extraire un fait utile sans t'effondrer.","Une confiance solide ne s'écroule pas à la première critique. Apprendre à trier l'utile de l'attaque te rend imperméable au jugement gratuit.","Repense à une critique reçue qui t'a marqué négativement. Sépare ce qui est un fait exploitable de ce qui n'est que de l'opinion ou de l'agressivité. Écris une action concrète tirée du fait utile, et jette mentalement le reste.","Fais l'exercice sur une critique légère et récente.","Travaille la critique qui t'a fait le plus mal, avec recul et calme.","Tu reprends le pouvoir sur l'effet des mots des autres sur toi.","À venir","Non","",""
"59","Mois 2","Demande ce que tu vaux","Finances","Prospérité","4","30 min","0 €","Préparer et oser une demande liée à ta valeur (tarif, augmentation, négociation).","Demander ce qu'on vaut touche au cœur de l'estime de soi. S'y préparer et le formuler, même sans succès garanti, ancre l'idée que ton travail et ton temps ont un prix.","Identifie une situation : tarif d'un service, augmentation, prix d'un objet à vendre, négociation. Liste trois arguments factuels qui justifient ta demande. Formule la demande à voix haute, puis fais-la réellement si l'occasion existe aujourd'hui.","Prépare la demande complète et entraîne-toi à la dire à un proche.","Réalise la demande pour de vrai auprès de la personne concernée.","Tu poses un acte fort : tu défends ta valeur au lieu de la brader par peur.","À venir","Non","",""
"60","Mois 3","Le réveil non négociable","Discipline","Discipline","3","5 min","0 €","Te lever à la première sonnerie, sans aucun snooze.","La toute première décision de ta journée donne le ton. Repousser le réveil, c'est négocier avec toi-même dès la première seconde. Tenir parole, c'est gagner avant le café.","1. Ce soir, pose ton réveil de l'autre côté de la pièce, hors de portée du lit. 2. À la sonnerie, lève-toi pour l'éteindre et reste debout. 3. Bois un verre d'eau immédiatement pour ancrer le réveil.","Autorise-toi un seul snooze, mais sors du lit dès la deuxième sonnerie.","Lève-toi 15 minutes plus tôt que d'habitude, sans snooze.","Tu gagnes ta première bataille contre toi-même avant même d'être réveillé. Sentiment de contrôle dès l'aube.","À venir","Non","",""
"61","Mois 3","La règle des deux minutes","Productivité","Discipline","3","Toute la journée","0 €","Traiter immédiatement toute tâche qui prend moins de deux minutes, sans la reporter.","Les micro-tâches reportées s'accumulent en montagne mentale. Les régler à la seconde où elles apparaissent vide ta charge cognitive et te prouve que tu agis au lieu de stocker.","1. Aujourd'hui, dès qu'une tâche de moins de 2 minutes se présente, fais-la sur le champ. 2. Vaisselle isolée, message à répondre, papier à ranger : action immédiate. 3. Le soir, repère la tâche que tu as failli reporter et reconnais le réflexe que tu as cassé.","Applique la règle seulement sur une demi-journée.","Étends la règle aux tâches de moins de 5 minutes.","Tu allèges ta charge mentale et tu casses le réflexe « je ferai ça plus tard ».","À venir","Non","",""
"62","Mois 3","La désinstallation qui libère","Productivité","Discipline","3","5 min","0 €","Supprimer l'appli la plus chronophage de ton téléphone pendant 7 jours.","Tant que l'appli reste à un pouce de distance, ta volonté joue à armes inégales contre un produit conçu pour t'aspirer. La retirer, c'est déplacer le combat de ta tête vers ton environnement, là où tu peux vraiment gagner.","1. Ouvre ton temps d'écran et repère l'appli n°1 en heures perdues. 2. Désinstalle-la maintenant (tes données et ton compte restent intacts), et note la date du retour dans 7 jours. 3. Si tu as vraiment besoin du service, passe par le navigateur, volontairement moins pratique.","Range l'appli dans un dossier verrouillé et déconnecte ton compte pour 7 jours.","Supprime tes deux applis les plus chronophages pour les 7 jours.","Tu découvres tout l'espace mental que cette appli t'avait discrètement confisqué.","À venir","Non","",""
"63","Mois 3","Le coup de fil qui résiste","Sortie de zone de confort","Courage","4","20 min","0 €","Renégocier ou résilier un abonnement par téléphone, en tenant face à la rétention commerciale.","Le service rétention est entraîné à te faire céder par la culpabilité, l'urgence et les contre-offres. Tenir un cap clair face à un interlocuteur qui te pousse à plier est un entraînement direct au courage et à la limite assumée.","1. Choisis un abonnement à renégocier ou résilier et écris ta phrase-cap (« Je souhaite résilier / obtenir ce tarif, point. »). 2. Appelle et répète calmement ta demande à chaque tentative de rétention, sans t'énerver ni te justifier longuement. 3. Note à la fin la décision obtenue et combien de relances il a fallu tenir.","Prépare la même demande mais passe par un message écrit ou un chat avant l'appel.","Mène l'appel jusqu'à obtenir soit la résiliation, soit une vraie baisse de tarif chiffrée.","Tu réalises qu'on ne peut te faire céder que si tu le permets. Ta voix tient seule face à la pression.","À venir","Non","",""
"64","Mois 3","La grenouille du matin","Productivité","Discipline","3","Variable","0 €","Accomplir ta tâche la plus désagréable de la journée en premier, avant tout le reste.","« Manger la grenouille » dès le matin libère ton esprit pour le reste du jour. Le plus dur derrière toi, tout paraît plus léger.","1. Ce soir ou au réveil, identifie LA tâche que tu redoutes le plus. 2. Demain matin, attaque-la avant ton téléphone, avant tout divertissement. 3. Termine-la (ou avance-la franchement) avant de passer à autre chose.","Consacre au moins 15 minutes à la tâche redoutée dès le matin.","Mange deux grenouilles : les deux tâches les plus pénibles, dans l'ordre.","Tu vis le reste de la journée délesté du poids de la procrastination.","À venir","Non","",""
"65","Mois 3","Le déclencheur démasqué","Discipline","Discipline","4","20 min","0 €","Identifier ton déclencheur de scroll et installer une friction physique : appli rangée 3 écrans plus loin + log.","Le scroll compulsif n'est pas un manque de volonté, c'est une habitude déclenchée par un signal précis (ennui, transition, anxiété). Nommer ce signal et ajouter trois secondes de friction casse l'automatisme à sa racine.","1. Repère le moment exact où ta main attrape ton téléphone sans décision consciente, et nomme le déclencheur. 2. Déplace l'appli concernée trois écrans plus loin, sortie de toute barre de raccourci. 3. Tiens un log : chaque fois que tu vas la chercher, note l'heure et l'émotion juste avant.","Sors simplement l'appli de ton écran d'accueil et observe ton déclencheur sans log.","Remplace, pour chaque déclencheur noté, le geste de scroll par une action de rechange décidée à l'avance.","Tu vois enfin le mécanisme invisible qui te tenait, et tu reprends la main dessus.","À venir","Non","",""
"66","Mois 3","La tâche-levier verrouillée","Organisation","Discipline","4","20 min","0 €","Identifier ta tâche-levier de la semaine et lui bloquer 3 créneaux fixes non négociables.","La plupart des semaines se dispersent en urgences qui n'avancent rien d'important. Repérer la seule tâche qui change vraiment la donne et lui réserver du temps protégé, c'est faire passer l'essentiel avant l'accessoire, par construction.","1. Demande-toi : « Quelle action, si je la fais cette semaine, rend tout le reste plus simple ou inutile ? » 2. Dans ton agenda, bloque trois créneaux fixes pour cette tâche, étiquetés comme non déplaçables. 3. Préviens ce qui pourrait les grignoter (réunions, sollicitations) et protège-les comme un rendez-vous extérieur.","Identifie la tâche-levier et bloque-lui un seul créneau protégé.","Bloque les trois créneaux ET prépare à l'avance le matériel pour démarrer sans friction.","Tu finis ta semaine en ayant avancé sur ce qui compte, pas seulement réagi à ce qui criait le plus fort.","À venir","Non","",""
"67","Mois 3","La douche froide de 30 secondes","Sortie de zone de confort","Courage","4","5 min","0 €","Terminer ta douche par 30 secondes d'eau franchement froide.","Choisir volontairement un inconfort maîtrisé entraîne ta capacité à agir malgré la résistance. Si tu peux affronter le froid, tu peux affronter une tâche difficile.","1. Prends ta douche normalement. 2. À la fin, bascule l'eau sur froid et reste 30 secondes. 3. Respire lentement et profondément au lieu de te crisper.","Commence par 10 secondes d'eau froide.","Tiens 60 secondes, ou alterne chaud/froid trois fois.","Tu prouves que tu peux décider d'agir même quand ton corps proteste. Discipline incarnée.","À venir","Non","",""
"68","Mois 3","Le jeûne de réseaux sociaux","Discipline","Discipline","4","Toute la journée","0 €","Passer une journée entière sans ouvrir le moindre réseau social.","Couper le robinet du scroll pendant une journée révèle à quel point l'automatisme est ancré. Chaque pulsion non assouvie renforce ton self-control.","1. Ce matin, déconnecte-toi ou déplace les applis hors de ton écran d'accueil. 2. Chaque fois que tu sens l'envie d'ouvrir, note-la mentalement et fais autre chose. 3. Le soir, observe le temps et l'énergie que tu as récupérés.","Tiens une demi-journée complète sans réseaux.","Tiens un week-end entier sans réseaux sociaux.","Tu réalises que tu peux vivre sans cette béquille, et que le monde tourne toujours.","À venir","Non","",""
"69","Mois 3","Le créneau profond","Productivité","Discipline","4","45 min","0 €","Travailler 45 minutes sur une seule tâche, sans aucune interruption ni notification.","L'attention fragmentée est l'ennemi numéro un de la discipline moderne. Un bloc de concentration pure te rend des heures de travail dispersé.","1. Choisis une tâche qui demande de la concentration (étude, projet, écriture). 2. Mets ton téléphone en mode avion, dans une autre pièce. 3. Lance un minuteur de 45 minutes et ne fais que cette tâche, sans exception.","Commence par un bloc de 25 minutes (technique Pomodoro).","Enchaîne deux blocs de 45 minutes avec 10 minutes de pause.","Tu redécouvres le plaisir de la concentration et la fierté d'un vrai travail abouti.","À venir","Non","",""
"70","Mois 3","Le défi sans sucre","Santé","Vitalité","4","Toute la journée","0 €","Passer une journée complète sans aucun sucre ajouté ni produit sucré.","Le sucre est l'une des récompenses immédiates les plus ancrées. Y résister un jour entier muscle ta capacité à différer la gratification, le cœur même de la discipline.","1. Vérifie ce matin ce que tu manges habituellement et repère les pièges sucrés. 2. Remplace : fruit entier, eau, noix, plutôt que sodas, bonbons et pâtisseries. 3. Tiens jusqu'au coucher sans craquer.","Supprime seulement les boissons sucrées et les desserts.","Cuisine toi-même un repas pour traquer le sucre caché des produits transformés.","Tu prouves que tu commandes tes pulsions, et non l'inverse.","À venir","Non","",""
"71","Mois 3","La parole tenue","Discipline","Discipline","4","Variable","0 €","Tenir une promesse que tu remets depuis trop longtemps, aujourd'hui.","Chaque engagement non tenu envers toi-même ou les autres érode ta confiance. Honorer une vieille promesse répare ce contrat intérieur et te rend crédible à tes propres yeux.","1. Identifie une promesse en suspens (un appel, un rangement, un projet, un message). 2. Décide qu'elle se règle aujourd'hui, point. 3. Fais-la, puis raye-la définitivement de ta liste mentale.","Choisis la plus petite promesse en attente et règle-la.","Solde l'engagement le plus lourd que tu repousses depuis le plus longtemps.","Tu te réconcilies avec toi-même : tu redeviens quelqu'un qui fait ce qu'il dit.","À venir","Non","",""
"72","Mois 3","L'espace de travail impeccable","Organisation","Discipline","4","30 min","0 €","Vider et organiser entièrement ton espace de travail principal, puis le rendre net.","Un environnement en désordre entretient un esprit en désordre. Un espace maîtrisé est une déclaration silencieuse : ici, je contrôle.","1. Sors tout de ta surface de travail (bureau, table). 2. Ne remets que l'essentiel, range ou jette le reste. 3. Définis une place fixe pour chaque objet conservé, pour que le rangement tienne sans effort.","Range et nettoie seulement la surface principale, sans tout vider.","Organise aussi ton bureau numérique : fichiers, téléchargements, onglets.","Tu travailles dans un espace qui te respecte et te calme. Clarté extérieure, clarté intérieure.","À venir","Non","",""
"73","Mois 3","La séance qui ne se négocie pas","Sport","Vitalité","4","30 min","0 €","Faire une séance d'exercice planifiée même si tu n'en as aucune envie.","La discipline se révèle les jours sans motivation. S'entraîner quand l'envie manque grave dans ton cerveau que tes engagements passent avant tes humeurs.","1. Planifie ce matin un créneau précis pour 30 minutes d'activité physique. 2. Quand l'heure arrive, ne discute pas : commence par 5 minutes. 3. Une fois lancé, termine la séance complète, peu importe ton humeur de départ.","Fais 15 minutes de marche rapide ou d'exercices au poids du corps.","Programme une séance plus intense que d'habitude et tiens-la entièrement.","Tu apprends que l'action précède la motivation, et non l'inverse.","À venir","Non","",""
"74","Mois 3","L'heure de coucher verrouillée","Discipline","Discipline","4","30 min de routine","0 €","Te coucher à une heure fixe et déterminée, sans la repousser « encore cinq minutes ».","L'heure de coucher est le moment où la discipline est la plus fragile. Tenir un couvre-feu personnel protège ton énergie de demain et clôt ta journée avec maîtrise.","1. Fixe une heure de coucher réaliste et écris-la maintenant. 2. Programme une alarme 30 minutes avant pour amorcer ta routine du soir. 3. À l'heure dite, écrans coupés, lumière éteinte, sans négociation.","Couche-toi 30 minutes plus tôt que ton heure habituelle.","Coupe tous tes écrans une heure pleine avant l'heure de coucher fixée.","Tu clôtures ta journée comme tu l'as ouverte : sur tes propres règles.","À venir","Non","",""
"75","Mois 3","Le défi du silence total","Gestion des émotions","Mental","4","15 min","0 €","Rester assis en silence, sans écran ni distraction, pendant 15 minutes complètes.","Supporter l'ennui sans s'enfuir vers une distraction est une compétence rare. Apprivoiser le silence renforce ta tolérance à l'inconfort mental, base de toute discipline.","1. Installe-toi dans un endroit calme, téléphone hors de portée. 2. Lance un minuteur de 15 minutes. 3. Reste là, sans rien faire, en observant tes pensées défiler sans les fuir.","Commence par 5 minutes de silence.","Reste en silence en gardant toute ton attention sur ta seule respiration.","Tu réalises que tu peux être seul avec toi-même sans paniquer ni t'occuper. Calme retrouvé.","À venir","Non","",""
"76","Mois 3","Le budget de la journée","Finances","Prospérité","4","15 min","0 €","Noter chaque euro dépensé aujourd'hui, sans exception, et passer une journée sans achat impulsif.","La discipline financière commence par la conscience. Voir chaque dépense en face freine les achats automatiques et te rend acteur de ton argent.","1. Ouvre une note dédiée à tes dépenses du jour. 2. Inscris chaque sortie d'argent, même 1 € de café, au moment où elle arrive. 3. Avant tout achat non prévu, attends 10 minutes : si l'envie passe, n'achète pas.","Note seulement les dépenses non alimentaires de la journée.","Passe la journée à zéro dépense non vitale.","Tu reprends le contrôle de ton argent au lieu de le subir. Lucidité financière immédiate.","À venir","Non","",""
"77","Mois 3","La promesse publique","Social","Charisme","4","10 min","0 €","Annoncer à quelqu'un de confiance un engagement précis, avec une échéance.","Un engagement gardé secret est facile à trahir. Le rendre public crée une pression saine qui décuple tes chances de tenir parole.","1. Choisis un objectif concret pour cette semaine. 2. Dis-le clairement à une personne de confiance : quoi, et pour quand. 3. Demande-lui de te redemander où tu en es à la date prévue.","Annonce ton engagement par message écrit plutôt qu'à l'oral.","Annonce ton engagement de vive voix à une personne dont le regard compte vraiment pour toi.","Tu transformes une intention privée en contrat social. La parole donnée engage.","À venir","Non","",""
"78","Mois 3","La désintoxication de divertissement","Discipline","Discipline","4","Toute la journée","0 €","Passer une journée sans aucun divertissement passif (séries, jeux vidéo, vidéos en boucle).","Le divertissement passif est l'anesthésiant favori du cerveau fatigué. Le suspendre un jour t'oblige à combler le vide par des actions qui te font avancer.","1. Liste ce matin tes sources de divertissement passif habituelles. 2. Décide qu'aucune ne sera ouverte aujourd'hui. 3. Remplace chaque pulsion par une action active : lecture, sport, projet, conversation.","Supprime une seule source de divertissement (la plus chronophage).","Tiens deux jours consécutifs sans divertissement passif.","Tu redécouvres tout le temps caché derrière tes écrans. Tes journées rallongent.","À venir","Non","",""
"79","Mois 3","La qualité qu'on te reconnaît","Social","Charisme","4","15 min","0 €","Demander par écrit à 3 personnes : quelle est ma plus grande qualité selon toi ?","On se voit à travers ses doutes ; les autres voient ce qui rayonne. Oser poser la question et accueillir la réponse sans la minimiser t'apprend à recevoir, et te révèle une force que tu sous-estimes peut-être.","1. Choisis 3 personnes de contextes différents (proche, ami, collègue ou camarade). 2. Envoie à chacune le même message sincère : « Honnêtement, selon toi, quelle est ma plus grande qualité ? » 3. À réception, réponds juste « merci » sans te dévaloriser, et note ce qui revient.","Pose la question à une seule personne de confiance.","Demande aussi à chacune un exemple concret où cette qualité s'est manifestée.","Tu te vois enfin par les yeux des autres, et une force discrète prend de la place.","À venir","Non","",""
"80","Mois 3","La cohérence alimentaire","Santé","Vitalité","5","Toute la journée","0 €","Manger uniquement à des horaires fixes décidés le matin, sans grignotage entre les repas.","Le grignotage automatique est l'un des derniers bastions de l'impulsivité quotidienne. Manger sur un cadre choisi, c'est discipliner l'un des comportements les plus instinctifs qui soient.","1. Le matin, fixe les horaires de tes repas de la journée. 2. Entre ces repas, ne mange rien : bois de l'eau si la faim se manifeste. 3. Observe les moments où l'envie de grignoter relève de l'ennui, pas de la faim.","Autorise une collation prévue, mais aucun grignotage non planifié.","Tiens ce cadre en distinguant par écrit, à chaque envie, la vraie faim de l'émotion.","Tu distingues la vraie faim du réflexe, et tu reprends la main sur tes pulsions.","À venir","Non","",""
"81","Mois 3","La matinée sans pause","Productivité","Discipline","5","3 h","0 €","Travailler ou étudier une matinée entière selon un plan précis, sans dérive ni distraction.","Tenir un bloc de travail long et structuré teste ta discipline sur la durée, là où la fatigue et l'envie de fuir apparaissent. C'est l'entraînement d'endurance de ta volonté.","1. La veille, découpe ta matinée en créneaux avec des objectifs clairs. 2. Téléphone hors d'atteinte, notifications coupées, un seul sujet à la fois. 3. Respecte le plan jusqu'au bout, avec de courtes pauses planifiées seulement.","Tiens un bloc structuré de 90 minutes au lieu d'une matinée entière.","Étends la discipline à toute la journée de travail.","Tu mesures à quel point tu es capable de produire quand tu choisis la concentration. Fierté de l'effort soutenu.","À venir","Non","",""
"82","Mois 3","La recommandation suivie","Aventure","Courage","5","Variable","0 €","Demander à un inconnu de te recommander un lieu ou un livre, puis y aller vraiment dans la journée.","Aborder un inconnu et suivre sa parole te fait lâcher deux prises d'un coup : la peur d'engager le contact, et le besoin de tout contrôler. T'en remettre à une recommandation transforme une journée prévisible en petite aventure.","1. Va vers un inconnu (libraire, serveur, passant) et demande-lui un lieu ou un livre qu'il adore. 2. Écoute vraiment sa réponse et engage-toi sur place à la suivre. 3. Dans la journée, vas-y pour de vrai : pousse la porte du lieu, ou procure-toi et ouvre le livre.","Demande la recommandation à un commerçant que tu connais déjà.","Demande à trois inconnus différents et suis la recommandation qui t'attire le moins.","Tu découvres qu'un simple « pour de vrai » derrière une demande ouvre des portes que tu n'aurais jamais poussées.","À venir","Non","",""
"83","Mois 3","Le grand tri numérique","Organisation","Discipline","5","45 min","0 €","Reconfigurer ton téléphone pour qu'il te serve : applis, notifications, écran d'accueil.","Ton téléphone est l'outil qui sabote le plus ta discipline. Le reconfigurer pour qu'il te serve au lieu de te capter est un acte de discipline structurelle.","1. Supprime les applis que tu n'as pas ouvertes depuis longtemps. 2. Coupe les notifications de tout ce qui n'est pas essentiel. 3. Range ton écran d'accueil : ne garde que les outils utiles, cache les pièges.","Coupe simplement toutes les notifications non essentielles.","Configure aussi un écran d'accueil minimal, sans aucune appli de divertissement visible.","Tu transformes ton pire ennemi en allié. Ton téléphone travaille enfin pour toi.","À venir","Non","",""
"84","Mois 3","La semaine planifiée d'avance","Organisation","Discipline","5","40 min","0 €","Planifier en détail toute ta semaine à venir, créneau par créneau, avant qu'elle commence.","Une semaine planifiée laisse peu de place à l'improvisation paresseuse. Décider à l'avance, c'est s'épargner mille micro-décisions où la discipline peut flancher.","1. Ouvre ton agenda et liste tes obligations fixes de la semaine. 2. Bloque des créneaux précis pour tes priorités, ton sport, ton repos. 3. Laisse une marge pour l'imprévu, mais garde l'ossature ferme.","Planifie en détail seulement les trois prochains jours.","Planifie la semaine ET prépare la veille au soir chaque journée.","Tu abordes ta semaine en pilote, pas en passager. Sérénité de qui sait où il va.","À venir","Non","",""
"85","Mois 3","Le défi de la tentation présente","Discipline","Discipline","5","Toute la journée","0 €","Garder à portée de vue une tentation que tu refuses volontairement toute la journée.","Résister à une tentation absente est facile. La garder sous les yeux et dire non à chaque pulsion est le summum de l'entraînement de la volonté.","1. Choisis une tentation concrète et inoffensive (friandise, appli, achat repéré). 2. Laisse-la visible et accessible toute la journée. 3. Chaque fois que l'envie monte, reconnais-la, respire, et choisis de ne pas céder.","Garde la tentation visible seulement pendant une demi-journée.","Maintiens deux tentations en vue et résiste aux deux toute la journée.","Tu deviens plus fort que ton impulsion la plus tenace. Volonté forgée au contact direct.","À venir","Non","",""
"86","Mois 3","La revue de la journée","Apprentissage","Savoir","5","15 min","0 €","Faire un bilan écrit honnête de ta journée : ce qui a tenu, ce qui a lâché.","La discipline sans retour sur soi tourne à l'aveugle. Un bilan transforme ta journée en leçon et chaque erreur en ajustement plutôt qu'en culpabilité.","1. Le soir, écris une réussite et un point à améliorer de ta journée. 2. Note un ajustement concret que tu appliqueras demain. 3. Termine par une phrase de reconnaissance pour l'effort fourni.","Réponds simplement à : « Qu'est-ce que je referais demain ? »","Détaille en plus la cause racine du point qui a lâché aujourd'hui.","Tu transformes ton expérience en progression. Tu apprends de toi-même.","À venir","Non","",""
"87","Mois 3","La fuite de temps colmatée","Productivité","Discipline","5","Toute la journée","0 €","Traquer ton temps réel pendant 1 journée, puis supprimer ta plus grosse fuite de temps.","On croit savoir où passe son temps, mais l'écart entre le ressenti et le réel est souvent brutal. Mesurer sans tricher, puis couper la plus grosse fuite, c'est passer du sentiment de manquer de temps à la maîtrise de ce que tu en fais.","1. Toute la journée, note l'heure à chaque changement d'activité, sans embellir ni censurer. 2. Le soir, additionne par poste et identifie ta plus grosse fuite (scroll, attente, tâche inutile). 3. Décide une action concrète pour la supprimer ou la réduire de moitié, et applique-la dès demain.","Traque seulement ta demi-journée la plus floue et repère-y une fuite.","Traque deux journées et supprime tes deux plus grosses fuites identifiées.","Tu vois enfin la vérité de ton temps, et tu récupères des heures que tu croyais perdues.","À venir","Non","",""
"88","Mois 3","Le refus du raccourci","Discipline","Discipline","5","Variable","0 €","Aujourd'hui, faire chaque chose proprement et complètement, sans aucun raccourci bâclé.","La discipline se joue dans les détails que personne ne voit. Refuser le « assez bien » et viser le « bien fait » forge une exigence qui finit par te définir.","1. À chaque tâche du jour, demande-toi : « Est-ce que je le fais à fond ou à moitié ? » 2. Choisis systématiquement la version complète et soignée. 3. Range, finis, vérifie : ne laisse rien à moitié fait derrière toi.","Applique l'exigence du « bien fait » sur trois tâches choisies.","Tiens ce niveau d'exigence sur la tâche que tu as le plus l'habitude de bâcler.","Tu construis une réputation envers toi-même : celui qui ne bâcle pas. Standard relevé.","À venir","Non","",""
"89","Mois 3","Le défi de l'inconfort choisi","Sortie de zone de confort","Courage","5","Variable","0 €","Faire volontairement aujourd'hui une chose qui te met franchement mal à l'aise mais te fait grandir.","La zone de confort rétrécit quand on l'évite et s'élargit quand on l'affronte. Choisir l'inconfort, c'est entraîner directement le muscle de la discipline et du courage.","1. Identifie une action que tu évites par peur ou par inconfort (parler en public, demander, oser). 2. Décide de la faire aujourd'hui, sans la reporter. 3. Va jusqu'au bout, même si la voix intérieure te freine.","Choisis un inconfort modéré et fais-le aujourd'hui.","Affronte la chose qui te fait le plus peur dans ta liste d'évitements.","Tu repousses les murs de ta zone de confort. Ce qui te terrifiait devient possible.","À venir","Non","",""
"90","Mois 3","Le pacte du trimestre","Discipline","Discipline","5","30 min","0 €","Écrire et signer un engagement personnel pour le trimestre à venir, en t'appuyant sur ce que tu as appris.","Tu boucles 90 jours, un quart de l'année. Sceller un pacte avec toi-même transforme l'élan acquis en cap durable et fait de ta discipline un choix conscient, pas un accident.","1. Relis tes bilans et tes preuves des trois derniers mois. 2. Écris trois engagements concrets que tu prends pour le prochain trimestre. 3. Date, signe, et garde ce pacte visible jusqu'à la prochaine étape.","Prends un seul engagement clair et signe-le.","Détaille pour chaque engagement le système qui le rendra tenable.","Tu franchis le cap du premier quart avec un cap clair pour la suite. Tu n'avances plus au hasard.","À venir","Non","",""
"91","Mois 4","L'écoute totale","Relations","Charisme","4","15 min","0 €","Tenir une conversation entière sans interrompre ni ramener à toi.","La plupart des gens écoutent pour répondre, pas pour comprendre. Écouter vraiment est le geste relationnel le plus rare et le plus désarmant. Ça crée un lien que les mots ne créent pas.","1. Choisis une personne et engage une conversation aujourd'hui. 2. Écoute sans interrompre, sans ramener à toi, sans donner de conseil non demandé. 3. Relance avec des questions ouvertes : « Et ensuite ? », « Qu'est-ce que tu as ressenti ? ».","Fais-le sur une conversation courte avec un proche détendu.","Fais-le avec quelqu'un dont les sujets t'ennuient d'habitude, et reste totalement présent.","Tu découvres le pouvoir de faire sentir à quelqu'un qu'il compte — sans rien dire de spécial.","À venir","Non","",""
"92","Mois 4","Le merci précis","Relations","Charisme","4","10 min","0 €","Remercier une personne pour quelque chose de précis qu'elle ne sait pas que tu as remarqué.","Un « merci » vague glisse, un merci précis touche. Nommer exactement ce que l'autre a fait pour toi renforce le lien et te rend plus attentif à ce que tu reçois.","1. Repère une personne qui t'a aidé récemment, même sur un détail. 2. Va la voir ou écris-lui en nommant l'action exacte et son effet sur toi. 3. Termine sans rien demander en retour : c'est un cadeau, pas un échange.","Envoie un message écrit plutôt qu'en face à face.","Remercie quelqu'un avec qui la relation est tiède ou distante.","Tu ressens la chaleur de la gratitude exprimée — et tu offres à l'autre un moment qu'il n'oubliera pas.","À venir","Non","",""
"93","Mois 4","Le message qui rouvre la porte","Social","Charisme","4","10 min","0 €","Reprendre contact avec une personne perdue de vue mais appréciée, sur le plan amical.","Beaucoup de bonnes relations meurent par négligence, pas par conflit. Rouvrir la porte coûte un message et peut raviver un lien précieux. La gêne ressentie est presque toujours dans ta tête.","1. Pense à un ami que tu aimais bien et que tu n'as pas contacté depuis longtemps. 2. Écris un message simple et sincère : « Je pensais à toi, comment tu vas ? ». 3. Envoie sans préparer de scénario ni attendre une réponse parfaite.","Réagis simplement à une de ses publications pour amorcer.","Propose directement un appel ou un café dans le message.","Tu prouves qu'une relation endormie peut se réveiller — et que c'est toi qui as le pouvoir de la rallumer.","À venir","Non","",""
"94","Mois 4","La question qui va plus loin","Relations","Charisme","4","15 min","0 €","Poser à un proche une question plus profonde que « ça va ? ».","Les relations stagnent sur les questions de surface. Une vraie question ouvre une vraie conversation et fait passer le lien à un autre niveau.","1. Choisis un proche et un moment calme. 2. Pose une question qui sort du quotidien : « C'est quoi qui te rend vraiment fier en ce moment ? » ou « Qu'est-ce qui te pèse en ce moment ? ». 3. Écoute la réponse jusqu'au bout avant de réagir.","Pose la question par message à quelqu'un en confiance.","Pose-la à un membre de ta famille avec qui tu restes d'habitude en surface.","Tu goûtes à la profondeur d'un échange vrai et tu sens le lien se resserrer.","À venir","Non","",""
"95","Mois 4","Le coup de fil au lieu du texto","Relations","Charisme","4","15 min","0 €","Appeler quelqu'un que tu aurais normalement contacté par message.","La voix transmet ce que le texte aplatit. Reprendre l'habitude d'appeler crée des liens plus chauds et te sort du confort tiède des messages écrits.","1. Identifie une personne à qui tu allais écrire aujourd'hui. 2. Appelle-la plutôt que de taper un message. 3. Reste un vrai moment au téléphone, même si l'échange n'a pas de but précis.","Envoie un message vocal au lieu d'un texte écrit.","Appelle quelqu'un que tu trouves intimidant à avoir au téléphone.","Tu redécouvres la richesse d'une vraie voix — et tu deviens la personne qui prend des nouvelles pour de vrai.","À venir","Non","",""
"96","Mois 4","Le compliment en face, à chaud","Social","Charisme","4","10 min","0 €","Dire à quelqu'un, à l'instant où tu le penses, une qualité que tu admires chez lui — sans préparation.","Les compliments sincères restent coincés dans la tête par pudeur. Les dire à voix haute, à chaud, sans les répéter mentalement dix fois, casse ta retenue et illumine la journée de l'autre. La spontanéité est ce qui les rend vrais.","1. Pendant la journée, dès qu'une qualité d'une personne te frappe (sa patience, son humour, sa façon de gérer un truc), repère-la sur le moment. 2. Dis-la-lui directement, en face, dans la foulée : « J'aime vraiment ta façon de… ». 3. Ne la prépare pas, ne l'enjolive pas — laisse-la sortir telle quelle.","Fais-le sur une qualité visible et facile à nommer, avec une personne en confiance.","Fais-le à quelqu'un que tu connais peu, ou à une personne qui t'impressionne.","Tu apprends à dire le bien à voix haute au lieu de le garder — et tu sens le pouvoir d'un mot vrai lâché au bon moment.","À venir","Non","",""
"97","Mois 4","Une heure sans écran à deux","Relations","Charisme","4","60 min","0 €","Passer un vrai moment de qualité avec quelqu'un, téléphones rangés.","La présence vaut plus que le temps. Une heure sans écran vaut une soirée entière où chacun scrolle. Tu offres à l'autre ce qui devient rare : ton attention pleine.","1. Propose un moment à un proche : repas, balade, café. 2. Mettez les téléphones en mode silencieux et hors de portée. 3. Restez présents l'un à l'autre, sans laisser un écran couper l'échange.","Commence par un moment plus court, sans aucun écran.","Propose une activité qui demande de coopérer (cuisiner, marcher, jouer).","Tu retrouves la sensation d'une vraie connexion, sans distraction — et tu réalises à quel point ça manquait.","À venir","Non","",""
"98","Mois 4","Le pardon silencieux","Gestion des émotions","Mental","4","15 min","0 €","Lâcher une rancune que tu traînes contre quelqu'un, pour toi.","La rancune pèse sur celui qui la porte, pas sur l'autre. Pardonner intérieurement, sans même prévenir la personne, libère une énergie mentale énorme et apaise tes relations.","1. Identifie une personne contre qui tu gardes un ressentiment. 2. Écris ce que tu lui reproches, puis ce que ça t'a coûté de le porter. 3. Décide consciemment de lâcher la dette : « Je n'ai plus besoin de porter ça. »","Travaille sur un petit ressentiment du quotidien.","Choisis une rancune ancienne et tenace.","Tu déposes un poids que tu portais sans le savoir et tu retrouves de la légèreté.","À venir","Non","",""
"99","Mois 4","La main tendue à un inconnu","Social","Charisme","4","15 min","0 €","Rendre service spontanément à un inconnu aujourd'hui.","Aider sans attendre brise l'isolement urbain et te montre que tu peux avoir un impact positif immédiat. C'est un antidote concret au sentiment d'inutilité.","1. Reste attentif aux occasions : porter un sac, indiquer un chemin, céder ta place. 2. Saisis la première occasion sans hésiter ni calculer. 3. Fais-le simplement, sans chercher de remerciement.","Tiens la porte et adresse un vrai sourire à la personne suivante.","Engage la conversation avec un inconnu pour comprendre comment l'aider vraiment.","Tu te sens utile et connecté au monde — et tu réalises que créer du lien ne demande qu'un geste.","À venir","Non","",""
"100","Mois 4","Cap des 100 : la lettre à un proche","Relations","Charisme","5","30 min","0 €","Écrire une vraie lettre à une personne qui compte pour toi.","Pour marquer ton 100e défi, un geste qui dure. Une lettre dit ce qu'on ne dit jamais à l'oral. Elle se garde, se relit, et touche bien plus fort qu'un message qui disparaît.","1. Choisis une personne importante : parent, ami, mentor, partenaire. 2. Écris à la main ou au clavier ce que cette personne représente pour toi et un souvenir précis. 3. Donne-la, envoie-la ou lis-la à voix haute — ne la garde pas dans un tiroir.","Écris un message long et soigné plutôt qu'une lettre manuscrite.","Écris à quelqu'un à qui tu n'as jamais su exprimer ce que tu ressentais.","Tu offres un cadeau qui restera — et tu ressens la fierté d'avoir mis des mots sur l'essentiel au cap des 100.","À venir","Non","",""
"101","Mois 4","La conversation reportée","Relations","Mental","5","30 min","0 €","Avoir enfin la conversation que tu repousses avec quelqu'un.","Une conversation évitée empoisonne une relation en silence. La dire, calmement, désamorce des semaines de tension accumulée et te prouve que tu peux affronter l'inconfort relationnel.","1. Identifie le sujet que tu évites avec une personne précise. 2. Choisis un moment calme et commence par « J'aimerais te parler de quelque chose qui me tient à cœur ». 3. Exprime ton ressenti avec « je » plutôt que des reproches en « tu ».","Prépare et dis seulement le premier point, le plus simple.","Aborde le sujet le plus chargé émotionnellement que tu repousses.","Tu te libères d'un poids latent et tu découvres que dire les choses fait moins mal que les taire.","À venir","Non","",""
"102","Mois 4","Le non assumé","Confiance en soi","Courage","4","10 min","0 €","Refuser une demande sans te justifier longuement ni culpabiliser.","Dire oui à tout, c'est dire non à toi-même. Poser un « non » clair protège ton temps et ton énergie, et rend tes « oui » plus sincères. Les relations saines acceptent les limites.","1. Repère une demande à laquelle tu n'as pas envie de dire oui. 2. Réponds par un « non » simple et poli, sans accumuler les excuses. 3. Tiens ta position calmement si on insiste.","Décline une petite sollicitation sans enjeu.","Dis non à une personne qui a l'habitude que tu acceptes toujours.","Tu reprends le contrôle de tes limites et tu sens le respect qu'inspire un non assumé.","À venir","Non","",""
"103","Mois 4","Le premier pas vers l'inconnu","Sortie de zone de confort","Courage","4","15 min","0 €","Engager une vraie conversation avec une personne que tu ne connais pas.","Toutes les belles relations ont commencé par un inconnu. Oser le premier mot brise la barrière qui t'isole et muscle ton aisance sociale là où elle compte le plus.","1. Repère une personne dans un contexte du quotidien (file, salle de sport, événement). 2. Lance une remarque simple ou une question sur le contexte partagé. 3. Laisse l'échange durer quelques répliques avant de conclure.","Commence par un échange court avec un commerçant ou un voisin.","Demande son prénom et propose de rester en contact si le courant passe.","Tu prouves que l'inconnu n'est pas une menace mais une opportunité de lien.","À venir","Non","",""
"104","Mois 4","Le cadeau sans occasion","Relations","Charisme","4","20 min","~5 €","Offrir un petit geste à quelqu'un sans raison particulière.","Les attentions spontanées valent plus que les cadeaux attendus. Donner sans occasion ni calcul renforce un lien et te place dans une posture de générosité plutôt que de demande.","1. Pense à un proche et à ce qui lui ferait plaisir, même minuscule. 2. Prépare le geste : un café, une note, un objet symbolique, un service. 3. Offre-le aujourd'hui en disant simplement « J'ai pensé à toi ».","Offre quelque chose de gratuit : un service, une attention, du temps.","Offre à quelqu'un que tu connais peu, pour amorcer une vraie relation.","Tu ressens la joie particulière de donner sans attendre — celle qui revient toujours.","À venir","Non","",""
"105","Mois 4","Le repas partagé","Expériences nouvelles","Création","4","90 min","~10 €","Inviter quelqu'un à partager un repas, chez toi ou dehors.","Partager un repas est un rituel de lien universel. Prendre l'initiative d'inviter te fait passer de celui qui attend les invitations à celui qui crée les moments.","1. Choisis une personne avec qui tu veux passer du temps. 2. Propose une date concrète, pas un vague « faut qu'on se voie ». 3. Sois présent pendant le repas : pas de téléphone, vraie conversation.","Propose un café ou un goûter plutôt qu'un repas complet.","Invite plusieurs personnes qui ne se connaissent pas et fais les présentations.","Tu deviens un créateur de moments — celui autour de qui les autres aiment se retrouver.","À venir","Non","",""
"106","Mois 4","Le feedback qui aide","Relations","Charisme","5","15 min","0 €","Donner à quelqu'un un retour honnête et bienveillant qui peut l'aider.","Les vraies relations osent la vérité utile. Dire ce qui aide, avec tact, prouve que tu tiens assez à l'autre pour ne pas seulement le flatter. C'est un cap de maturité relationnelle.","1. Repère une personne qui pourrait bénéficier d'un retour constructif (et qui est prête à l'entendre). 2. Demande d'abord la permission : « Je peux te partager un retour ? ». 3. Formule-le sur un comportement précis, jamais sur la personne, et propose une piste.","Donne un retour positif détaillé sur ce que quelqu'un fait bien.","Donne un retour d'amélioration à quelqu'un qui t'intimide un peu.","Tu gagnes en crédibilité et en profondeur relationnelle : on fait confiance à ceux qui disent vrai avec respect.","À venir","Non","",""
"107","Mois 4","La dispute désamorcée","Gestion des émotions","Mental","5","15 min","0 €","Faire le premier pas pour apaiser une tension récente.","Avoir raison ne répare pas un lien. Tendre la main en premier après un froid demande du courage mais sauve des relations. C'est un acte de force, pas de faiblesse.","1. Pense à une petite tension non résolue avec quelqu'un. 2. Reconnais ta part : « Je me suis peut-être emporté, je tiens à toi ». 3. Propose de repartir sur de bonnes bases, sans rejouer la dispute.","Envoie un message conciliant à propos d'un agacement mineur.","Va vers la personne avec qui le froid est le plus pesant.","Tu découvres que faire le premier pas n'est pas perdre — c'est gagner la paix et le respect.","À venir","Non","",""
"108","Mois 4","La vulnérabilité partagée","Confiance en soi","Courage","5","20 min","0 €","Confier à un proche quelque chose que tu gardes habituellement pour toi.","Les liens forts se créent par la vulnérabilité, pas par la perfection affichée. Te montrer vrai donne à l'autre la permission de faire pareil et approfondit la relation d'un coup.","1. Choisis une personne de confiance. 2. Partage une peur, un doute ou une difficulté réelle que tu caches d'habitude. 3. Reste avec l'inconfort sans le minimiser par une blague.","Partage quelque chose de léger mais sincère que tu n'avais jamais dit.","Confie quelque chose dont tu n'as jamais parlé à personne.","Tu réalises qu'être vu tel que tu es rapproche au lieu d'éloigner — et tu te sens enfin compris.","À venir","Non","",""
"109","Mois 4","Le rendez-vous sans but","Relations","Charisme","4","60 min","0 €","Passer du temps avec quelqu'un juste pour être ensemble, sans objectif.","On ne se voit souvent que pour « faire » quelque chose. Cultiver le temps gratuit, sans agenda, est ce qui distingue une vraie amitié d'une simple connaissance utile.","1. Propose à un proche de se voir sans plan précis : balade, traîner, discuter. 2. Laisse la conversation aller où elle veut. 3. Résiste à l'envie de remplir chaque silence.","Appelle quelqu'un pour discuter sans raison particulière, le temps que ça vient.","Propose ce moment à quelqu'un avec qui tu n'as que des relations « pratiques ».","Tu retrouves la valeur du temps gratuit, celui qui nourrit les liens les plus solides.","À venir","Non","",""
"110","Mois 4","Demander une intro","Social","Charisme","5","20 min","0 €","Demander à un contact qu'il te présente à quelqu'un de son réseau que tu veux rencontrer.","Les meilleures rencontres passent par une recommandation, pas par une porte forcée. Oser demander une intro lève la barrière de l'inconnu : tu arrives déjà avec la confiance prêtée par l'intermédiaire. La seule chose qui te bloque, c'est la peur de déranger.","1. Identifie une personne que tu aimerais rencontrer (pour un projet, un parcours, une passion) et un contact à toi qui la connaît. 2. Demande l'intro clairement et simplement : « Tu connais Untel ? J'aimerais beaucoup échanger avec lui, tu pourrais nous mettre en lien ? ». 3. Facilite-lui la tâche : explique en une phrase pourquoi, pour qu'il n'ait qu'à transférer.","Demande à un proche en confiance de te présenter quelqu'un de son cercle amical.","Demande une intro vers une personne influente ou difficile d'accès dans ton domaine.","Tu découvres que ton réseau est plus grand que tu ne crois — et qu'il suffit souvent de demander pour ouvrir une porte.","À venir","Non","",""
"111","Mois 4","La limite posée et tenue","Relations","Charisme","5","20 min","0 €","Exprimer clairement une limite à une personne qui la franchit régulièrement.","Les relations saines ont des frontières claires. Poser une limite à quelqu'un qui empiète sur toi protège la relation au lieu de la détruire par accumulation de rancune. C'est un acte de respect mutuel.","1. Identifie un comportement récurrent qui te pèse (interruptions, retards, exigences). 2. Exprime la limite avec un « je » : « J'ai besoin de… », « Je ne suis plus disponible pour… ». 3. Tiens-la sans agressivité mais sans reculer si on teste.","Pose une limite sur un sujet à faible enjeu émotionnel.","Pose-la à une personne proche ou en position d'autorité sur toi.","Tu apprends que poser tes limites ne te rend pas égoïste — ça te rend respectable et clair.","À venir","Non","",""
"112","Mois 4","Les excuses sincères","Relations","Mental","5","15 min","0 €","Présenter de vraies excuses à quelqu'un que tu as blessé.","Reconnaître un tort sans « mais » est l'un des actes relationnels les plus difficiles et les plus puissants. Ça répare le lien et t'affranchit d'une culpabilité qui te suit.","1. Identifie une personne envers qui tu as un tort réel, même ancien. 2. Présente des excuses complètes : nomme l'acte, reconnais l'impact, sans te justifier. 3. Demande comment réparer, et écoute la réponse.","Excuse-toi pour un petit tort récent et facile à reconnaître.","Excuse-toi pour quelque chose que tu portes depuis longtemps.","Tu déposes une culpabilité ancienne et tu prouves la force qu'il faut pour reconnaître ses torts.","À venir","Non","",""
"113","Mois 4","Le mentor approché","Apprentissage","Savoir","5","30 min","0 €","Contacter une personne que tu admires pour lui demander un conseil.","Demander de l'aide à quelqu'un que tu admires demande de surmonter la peur du rejet et du « je ne suis pas légitime ». La plupart des gens admirés sont flattés et répondent. Tu n'as rien à perdre.","1. Identifie une personne dont le parcours t'inspire (accessible : un proche, un contact, quelqu'un en ligne). 2. Écris un message court : admiration sincère + une question précise et facile à répondre. 3. Envoie sans attendre la formulation parfaite.","Pose ta question à quelqu'un que tu connais déjà un peu.","Contacte une personne que tu n'as jamais osé approcher.","Tu réalises que demander n'est pas s'abaisser, et que l'audace ouvre des portes inattendues.","À venir","Non","",""
"114","Mois 4","La présence dans l'épreuve","Relations","Charisme","5","30 min","0 €","Être présent pour quelqu'un qui traverse un moment difficile.","On reconnaît les vrais liens dans l'épreuve. Soutenir quelqu'un sans vouloir « régler » son problème, juste être là, est un cap de maturité relationnelle qui marque profondément.","1. Repère une personne de ton entourage qui traverse quelque chose de dur. 2. Va vers elle sans solution toute faite : « Je suis là, raconte-moi ». 3. Offre une présence concrète : du temps, une aide pratique, un signe attentionné une fois l'élan retombé.","Envoie un message attentionné et propose ton aide à quelqu'un en difficulté.","Accompagne physiquement la personne dans une démarche ou un moment difficile.","Tu deviens un pilier pour les autres — et tu ressens la fierté profonde d'avoir compté quand ça comptait.","À venir","Non","",""
"115","Mois 4","La parole en public restreint","Confiance en soi","Courage","5","20 min","0 €","Prendre la parole devant un groupe pour exprimer une idée ou un avis.","S'exprimer devant plusieurs personnes active la peur du jugement social. La surmonter sur un petit groupe te prépare à occuper ta place dans toutes tes relations collectives.","1. Repère une occasion : réunion, repas de groupe, discussion entre amis. 2. Prépare une idée claire en une ou deux phrases. 3. Prends la parole, regarde le groupe, et va jusqu'au bout de ton idée.","Exprime ton avis dans un petit groupe de personnes en confiance.","Prends la parole devant un groupe où tu connais peu de monde.","Tu prends ta place dans le collectif et tu prouves que ta voix mérite d'être entendue.","À venir","Non","",""
"116","Mois 4","La relation qui t'épuise, regardée en face","Gestion des émotions","Mental","5","30 min","0 €","Nommer une relation qui te tire vers le bas et décider d'un geste de protection.","Certaines relations te vident sans que tu le formules jamais clairement. Mettre des mots sur ce que tu ressens après avoir vu cette personne, et choisir une réponse, est un acte de respect envers toi-même.","1. Pense à la personne dont la présence te laisse régulièrement vidé, tendu ou diminué. 2. Écris honnêtement ce que tu ressens après l'avoir vue, et pourquoi. 3. Choisis une réponse concrète : prendre de la distance, poser une limite, ou en parler avec elle.","Mets simplement des mots sur ce que tu ressens, sans encore décider d'un geste.","Engage dès aujourd'hui le premier geste de protection que tu as identifié.","Tu reprends le contrôle de ton énergie relationnelle et tu cesses de subir ce lien en silence.","À venir","Non","",""
"117","Mois 4","Le sujet qui fâche, en paix","Relations","Mental","5","30 min","0 €","Discuter calmement d'un désaccord profond sans chercher à gagner.","Savoir débattre sans se déchirer est une compétence rare. Écouter un avis opposé sans le démolir muscle ta maturité émotionnelle et renforce le respect mutuel, même dans le désaccord.","1. Choisis un sujet de désaccord avec une personne ouverte au dialogue. 2. Pose comme règle de comprendre sa position avant de défendre la tienne. 3. Reformule son point de vue à voix haute avant de répondre : « Si je comprends bien, tu penses que… ».","Discute d'un désaccord léger en t'entraînant à reformuler l'autre.","Aborde un sujet sensible (valeurs, choix de vie) en gardant ton calme.","Tu découvres qu'on peut être en désaccord et se respecter — une compétence qui apaise toutes tes relations.","À venir","Non","",""
"118","Mois 4","Le lien intergénérationnel","Expériences nouvelles","Création","5","45 min","0 €","Avoir une vraie conversation avec une personne d'une autre génération.","On reste souvent enfermé dans sa tranche d'âge. Échanger en profondeur avec un aîné ou un plus jeune élargit ta vision, t'apporte de la sagesse ou de la fraîcheur, et crée un lien rare.","1. Choisis une personne d'une génération différente : grand-parent, voisin âgé, jeune de ton entourage. 2. Pose-lui des questions sur son époque, ses choix, ce qu'elle aurait fait autrement. 3. Écoute sans juger et partage ta propre vision en retour.","Pose quelques questions à un proche d'une autre génération que tu côtoies déjà.","Provoque cet échange avec quelqu'un que tu ne connais pas encore.","Tu sors de ta bulle générationnelle et tu repars enrichi d'un regard différent sur la vie.","À venir","Non","",""
"119","Mois 4","Les trois personnes à choisir","Organisation","Discipline","4","30 min","0 €","Choisir consciemment trois personnes à qui consacrer plus d'attention, et planifier un geste pour chacune.","On laisse souvent le hasard décider de qui on voit. Au lieu de tout cartographier, vise juste : décider activement qui nourrir te fait passer de relations subies à des relations choisies. C'est un acte de pilotage de ta vie sociale.","1. Demande-toi qui, dans ta vie, mérite plus d'attention que ce que tu lui donnes vraiment. 2. Retiens trois noms, sans plus. 3. Pour chacun, planifie un geste concret et daté pour les prochaines semaines (appel, invitation, message vrai).","Choisis une seule personne et un seul geste à poser cette semaine.","Bloque dès maintenant les trois moments dans ton agenda et envoie le premier message.","Tu reprends la main sur ta vie sociale et tu investis ton énergie là où elle compte vraiment.","À venir","Non","",""
"120","Mois 4","La déclaration qui compte","Sortie de zone de confort","Courage","5","20 min","0 €","Dire à une personne ce qu'elle représente vraiment pour toi, en face.","Pour clore le mois, le défi le plus fort : exprimer à voix haute, dans les yeux, ce qu'on garde d'habitude pour soi. C'est rare, ça fait peur, et ça scelle un lien pour toujours.","1. Choisis la personne qui a le plus compté dans ta vie ce mois-ci. 2. Prépare une phrase vraie : « Tu comptes énormément pour moi parce que… ». 3. Dis-la en face, dans les yeux, sans la noyer dans une blague.","Dis-le par appel vidéo si la personne est loin.","Dis-le à quelqu'un avec qui tu n'as jamais osé être aussi direct.","Tu clôtures le mois des relations par l'acte le plus courageux qui soit — et tu en ressors fier d'avoir osé l'essentiel.","À venir","Non","",""
"121","Mois 5","Le petit-déjeuner d'un autre pays","Expériences nouvelles","Création","4","25 min","~3 €","Remplacer ton petit-déjeuner habituel par un petit-déj salé ou inhabituel venu d'ailleurs, et capter l'effet sur ton énergie de la matinée.","On démarre presque tous la journée sur pilote automatique, avec le même bol sucré. Casser ce réflexe par une expérience gustative venue d'un autre pays réveille tes sens et te montre, dans ton corps, qu'un autre carburant matinal existe.","Choisis un petit-déjeuner d'ailleurs : œufs et avocat (anglo-saxon), riz et soupe miso (japonais), fromage-tomate-concombre (turc/grec), haricots et pain (latino). Mange-le posément, sans écran, en notant le goût et la texture qui te surprennent. Vers 11 h, observe ta faim et ton énergie : plus stable, plus longue, différente ?","Garde ton petit-déj mais ajoute-lui un seul élément salé inhabituel (œuf, avocat, fromage).","Tiens le petit-déj salé deux matins de suite et compare l'effet d'un jour à l'autre.","Tu transformes un automatisme en découverte. La curiosité d'un voyageur, dès la première bouchée de la journée.","À venir","Non","",""
"122","Mois 5","Bouger en cachette","Sport","Vitalité","4","Réparti sur la journée","0 €","Caser 5 micro-séances de mouvement de 2 minutes dans des moments inattendus de ta journée, et observer l'effet sur ton humeur.","Le mouvement n'a pas besoin d'une salle ni d'une heure. Glissé en douce dans les interstices de la journée, il agit comme un interrupteur d'humeur — et te prouve que ton corps répond à la moindre sollicitation.","Repère 5 moments creux : attente du micro-ondes, pause aux toilettes, pub à la télé, file d'attente, ascenseur. Détourne-les en 2 minutes de mouvement discret : squats, mollets, gainage debout, secouer les bras, sautiller. Juste après chaque micro-séance, note d'un mot ton humeur (avant / après).","Vise 3 micro-séances au lieu de 5.","Rends-les invisibles en public (étirements discrets, contractions isométriques) sans que personne ne remarque.","Tu découvres que tu peux te recharger en 2 minutes, n'importe où. Une complicité secrète avec ton propre corps.","À venir","Non","",""
"123","Mois 5","L'assiette arc-en-ciel","Santé","Vitalité","4","25 min","~3 €","Composer un repas en visant le plus de couleurs naturelles possible dans l'assiette, et le manger en remarquant chaque saveur.","La diversité des couleurs est le raccourci le plus simple pour varier les nutriments sans rien compter. Mais ici, l'enjeu est sensoriel : tu manges avec les yeux d'abord, puis tu redécouvres des goûts que la routine avait effacés.","Au marché ou au frigo, rassemble un maximum de couleurs (rouge, vert, orange, violet, jaune). Compose une assiette où les végétaux prennent au moins la moitié de la place. À table, identifie chaque saveur à voix basse : amer, sucré, acide, croquant.","Vise trois couleurs distinctes pour une première assiette.","Cuisine un plat unique réunissant cinq couleurs, sans aucun produit ultra-transformé.","Tu prouves que sain rime avec beau et appétissant. La fierté de te dresser une assiette qui te donne envie.","À venir","Non","",""
"124","Mois 5","Le bouton calme du souffle","Gestion des émotions","Mental","4","10 min","0 €","Au cœur d'un pic de stress réel, piloter ta respiration pour faire baisser la tension, et ressentir le basculement.","La respiration est la seule fonction automatique que tu peux reprendre en main à volonté. L'expérimenter en plein stress, et non au calme, te prouve dans ta chair que tu possèdes un interrupteur de sang-froid accessible partout.","Au prochain moment de tension (avant un appel, dans les bouchons, après une mauvaise nouvelle), arrête-toi. Inspire 4 secondes par le nez, retiens 2, expire 6 secondes par la bouche. Enchaîne 5 minutes. Avant/après, situe ta tension sur une échelle ressentie de 1 à 10, et note l'écart.","Entraîne le souffle au calme le soir pour le maîtriser, avant de l'utiliser sous stress.","Déploie la technique trois fois dans la journée, à trois pics différents.","Tu découvres un bouton de calme gratuit, dans ta poche en permanence. La main reprise sur ton état intérieur.","À venir","Non","",""
"125","Mois 5","La dernière heure analogique","Discipline","Discipline","4","60 min","0 €","Vivre ta dernière heure avant le coucher entièrement hors écran, en la remplissant d'une activité sensorielle et calme.","La lumière et la stimulation des écrans retardent le sommeil. Plutôt que de juste « couper », tu remplaces par une expérience apaisante — et tu ressens la différence sur la vitesse à laquelle tu plonges dans le sommeil.","Une heure avant le lit, range tous les écrans hors de la chambre. Choisis une activité analogique qui occupe les mains ou le corps : lecture papier, étirements, douche chaude, musique douce, dessin. Au réveil, note d'un mot la qualité de ton endormissement et de ta nuit.","Commence par 30 minutes analogiques avant le lit.","Passe la chambre en zone sans téléphone pour toute la nuit.","Tu offres à ton cerveau le sas qu'il réclame. Endormissement plus doux, réveil plus net.","À venir","Non","",""
"126","Mois 5","La marche sans casque","Santé","Vitalité","4","15 min","0 €","Marcher 15 minutes après un repas, écouteurs retirés, en captant uniquement ce que tes sens t'apportent dehors.","Bouger après manger stabilise ta glycémie et coupe le coup de barre. En retirant le casque, tu transformes la marche digestive en bain sensoriel : sons, lumière, air, qui reposent ton attention saturée.","Juste après le déjeuner ou le dîner, sors sans écouteurs ni téléphone en main. Marche 15 minutes à allure tranquille en nommant mentalement trois sons, trois choses vues, une odeur. Au retour, observe ta lourdeur digestive et ta clarté mentale.","Marche 10 minutes autour du pâté de maisons.","Choisis un itinéraire nouveau que tu n'as jamais emprunté.","Tu transformes l'après-repas mou en parenthèse vivante. Moins de lourdeur, plus de présence.","À venir","Non","",""
"127","Mois 5","La journée sans sucre ajouté","Santé","Vitalité","4","Toute la journée","0 €","Traverser une journée entière sans aucun sucre ajouté, et observer ta courbe d'énergie sans pics ni chutes.","Le sucre ajouté impose des montagnes russes d'énergie sans que tu le réalises. Une journée sans révèle deux choses : à quel point il est caché partout, et la stabilité étrange d'une journée sans son yo-yo.","Le matin, traque les sucres cachés de ta journée type (sauces, pain de mie, yaourts aromatisés, boissons). Remplace par du brut : fruit entier, eau, café nature, oléagineux. En fin de journée, compare ta sensation d'énergie à un jour ordinaire (creux de 11 h et de 16 h en particulier).","Supprime seulement les boissons sucrées et les sucreries évidentes.","Repère à l'aveugle, dans un produit du quotidien, le sucre caché avant de lire l'étiquette.","Tu reprends le contrôle sur une habitude qui te pilotait. La preuve que tu peux dire non à un réflexe sucré.","À venir","Non","",""
"128","Mois 5","L'heure fixe qui ancre","Santé","Vitalité","5","","","Te lever à une heure fixe et créer un rituel de réveil identique, pour ressentir l'effet d'une horloge interne stable.","La régularité du sommeil compte autant que sa durée. Plutôt que de surveiller des horaires comme un comptable, tu installes un rituel de réveil reproductible — un repère sensoriel qui synchronise ton corps.","Fixe une heure de réveil réaliste, week-end compris. Crée une séquence d'ouverture identique : lumière, eau, deux minutes d'étirement, même ordre chaque matin. Note comment ton corps anticipe peu à peu le réveil, jour après jour.","Concentre-toi uniquement sur l'heure de lever fixe, sans rituel imposé.","Tiens le même rituel de réveil trois matins d'affilée.","Tu donnes à ton corps un cadre qui le repose vraiment. La maîtrise de ton rythme plutôt que sa subie.","À venir","Non","",""
"129","Mois 5","Le défi pompes fractionné","Sport","Vitalité","5","15 min","0 €","Atteindre un volume de pompes qui t'intimide un peu, fractionné sur la journée, et sentir l'effort s'apprivoiser série après série.","Un volume intimidant devient atteignable quand on le découpe. L'expérience à vivre ici, c'est la sensation de muscles qui « chauffent » et répondent quand tu les sollicites par petites touches répétées.","Vise un total qui te semble juste hors de portée (par ex. 50), à répartir en petites séries. Adapte la forme à ton niveau (genoux au sol ou pieds), qualité avant quantité. À chaque série, ressens la fatigue locale puis sa récupération avant la suivante.","Vise un total de 30, sur les genoux si besoin.","Atteins 80, ou réduis le nombre de séries pour augmenter l'intensité.","La satisfaction d'un objectif coché et la sensation physique d'un corps qui répond. Une preuve tangible.","À venir","Non","",""
"130","Mois 5","Le plat fait main de A à Z","Compétences","Savoir","5","45 min","~5 €","Cuisiner un plat entièrement à partir d'ingrédients bruts, en savourant le geste autant que le résultat.","Cuisiner toi-même te redonne le contrôle sur ce que tu manges et coupe l'ultra-transformé. C'est aussi une compétence de vie : ici, tu vis le plaisir sensoriel du geste — couper, sentir, ajuster, goûter.","Choisis un plat simple que tu sais pouvoir réussir à partir d'ingrédients bruts. Cuisine sans plat préparé ni livraison, en goûtant et corrigeant l'assaisonnement au fil. Mange-le en notant ce que « fait maison » change au goût et à la fierté.","Cuisine intégralement un seul repas plutôt que toute la journée.","Invente une variation personnelle d'une recette connue, sans la suivre à la lettre.","Tu gagnes une compétence qui te servira toute ta vie. La fierté de te nourrir par tes propres mains.","À venir","Non","",""
"131","Mois 5","Le test à l'aveugle de l'eau","Santé","Vitalité","5","","","Remplacer toutes tes boissons de la journée par de l'eau, sans appli ni compteur, et deviner à 16 h l'effet ressenti.","La déshydratation légère est une cause silencieuse de fatigue et de brouillard mental. Plutôt que de compter des litres, tu mènes une expérience à l'aveugle : ton corps comme seul instrument de mesure.","Aujourd'hui, eau uniquement : pas de soda, jus, café sucré ni alcool. Bois à la soif, sans rien chronométrer. À 16 h, avant tout autre indice, devine et écris l'effet ressenti : énergie, clarté, maux de tête, faim. Compare ta prédiction à comment tu te sens vraiment ce soir.","Garde un seul café du matin et passe le reste de la journée à l'eau.","Tiens deux jours à l'eau seule et note l'évolution du ressenti de J1 à J2.","Tu prends conscience d'un besoin que tu négligeais. La fin du brouillard, sans aucun tableau de bord.","À venir","Non","",""
"132","Mois 5","Écouter ton corps sans rien corriger","Santé","Vitalité","5","","","Repérer dans la journée 3 signaux corporels que tu ignores d'habitude (tension, faim, fatigue), et y répondre concrètement dans l'heure.","Le corps parle en continu ; on l'a juste appris à museler. Réapprendre à capter ses signaux — puis à y répondre vraiment, et non à les écraser au café ou au scroll — c'est la base de toute écoute de soi.","Trois fois aujourd'hui, fais une pause de 30 secondes et scanne ton corps : où ça tire, ça serre, ça réclame ? Nomme le signal (épaules nouées, faim réelle, paupières lourdes, soif). Réponds-y dans l'heure par le bon geste : t'étirer, manger, t'allonger 10 min, boire — sans le masquer.","Repère et traite un seul signal corporel dans la journée.","Tiens un mini-relevé sur deux jours pour voir quel signal revient le plus souvent.","Tu réapprends à habiter ton corps au lieu de le faire taire. Le soulagement d'être enfin entendu, par toi-même.","À venir","Non","",""
"133","Mois 5","Dénouer le corps assis","Sport","Vitalité","5","20 min","0 €","Suivre une séance de mobilité de 15 minutes et localiser, zone par zone, là où ton corps est le plus raide.","Des heures assis raccourcissent muscles et articulations. La mobilité entretient ton corps comme une machine qu'on graisse — et te révèle, par la sensation, la carte précise de tes tensions cachées.","Dégage un espace au sol, tenue confortable. Mobilise en douceur nuque, épaules, hanches, dos, chevilles, en tenant chaque position 20 à 30 secondes. Repère la zone la plus bloquée et offre-lui une minute de plus.","Séance de 10 minutes centrée sur le dos et les épaules.","Ajoute une posture d'équilibre tenue 30 secondes par jambe.","Tu ressens ton corps plus libre et plus léger. Le soulagement immédiat des zones négligées.","À venir","Non","",""
"134","Mois 5","Le duel des deux petits-déjeuners","Santé","Vitalité","5","15 min","~2 €","Composer un petit-déjeuner riche en protéines et comparer, à l'aveugle, l'effet de satiété à ton petit-déj sucré habituel.","Un petit-déj sucré crée un pic puis une chute en milieu de matinée. Les protéines tiennent. Plutôt que de te le faire croire, vis le test : ton ventre et ta concentration jugeront eux-mêmes.","Construis ton petit-déj autour d'une vraie protéine (œufs, fromage blanc, yaourt nature, légumineuses), avec peu de sucre rapide. Avant de manger, prédis à quelle heure la faim reviendra. Vers 11 h, vérifie ta prédiction et compare à un matin sucré classique.","Ajoute simplement un œuf ou un yaourt nature à ton petit-déj habituel.","Alterne un matin protéiné / un matin sucré et compare les deux ressentis côte à côte.","Tu coupes la fringale de 11 h et restes stable. La sensation de carburer au bon carburant.","À venir","Non","",""
"135","Mois 5","Le bain de lumière du matin","Aventure","Courage","5","30 min","0 €","Passer 30 minutes dehors en pleine lumière naturelle le matin, en mouvement, et sentir l'effet sur ton réveil et ton humeur.","La lumière du matin règle ton horloge interne et soutient le moral, surtout enfermé toute la journée. C'est une recharge gratuite qu'aucun écran ne remplace — à condition de l'exposer vraiment à ton corps.","Sors le plus tôt possible dans ta matinée, idéalement dans l'heure suivant le réveil. Marche 30 minutes dans un parc, une rue arborée ou près de l'eau, visage offert à la lumière. Compare ta vivacité du midi à un matin passé enfermé.","Reste 20 minutes dehors, même sur un balcon ensoleillé.","Combine la lumière du matin avec une activité physique soutenue.","Tu recharges à la source la plus gratuite qui soit. Tête plus claire, humeur relevée dès la sortie.","À venir","Non","",""
"136","Mois 5","Le grand réagencement du frigo","Organisation","Discipline","5","30 min","0 €","Réorganiser ton frigo et tes placards pour que les bons aliments soient les plus visibles et les plus faciles à attraper.","Ton environnement décide à ta place : ce qui est à hauteur des yeux finit dans ton assiette. Réagencer ton garde-manger, c'est pirater tes futurs choix sans aucune volonté à mobiliser.","Vide une étagère du frigo et un placard pour repartir à zéro. Place les aliments sains en première ligne, hauteur des yeux ; range snacks et tentations en hauteur ou hors de vue. Jette le périmé et repère le « point faible » de ton garde-manger.","Concentre-toi sur la porte du frigo et un seul placard à snacks.","Crée une « zone facile » de snacks sains prédécoupés et prêts à attraper.","Tu fais le ménage dans ton environnement, donc dans tes futurs choix. Le sentiment de partir sur des bases saines.","À venir","Non","",""
"137","Mois 5","Le rituel du soir sans café","Discipline","Discipline","5","Toute la journée","0 €","Couper toute caféine après 14 h et inventer un rituel chaud de substitution, pour ressentir la différence à l'endormissement.","La caféine reste active des heures et dégrade le sommeil même quand tu t'endors sans peine. Plutôt que de juste « arrêter », tu crées un nouveau plaisir chaud — le manque devient rituel.","Bois ton dernier café, thé ou énergisant avant 14 h. Après cette heure, adopte un rituel chaud : tisane, infusion, décaféiné — quelque chose que tu attends avec plaisir. Le soir, observe la facilité et la rapidité de ton endormissement.","Fixe la limite à 16 h pour une première étape.","Teste plusieurs infusions dans la semaine et trouve ta préférée pour ancrer le rituel.","Tu améliores ton sommeil en retirant, pas en ajoutant. Un réveil plus reposé dès le lendemain.","À venir","Non","",""
"138","Mois 5","La décharge cardio express","Sport","Vitalité","5","20 min","0 €","Réaliser un cardio de 15 minutes qui fait monter ton rythme cardiaque, et capter la vague d'énergie qui suit l'effort.","Un cardio court mais intense booste l'énergie, la forme et l'humeur via les endorphines. L'expérience à vivre, c'est ce moment précis où, le souffle court, l'esprit s'éclaircit d'un coup.","Choisis un format simple : jumping jacks, montées de genoux, burpees, corde à sauter. Alterne 40 secondes d'effort et 20 secondes de repos pendant 15 minutes. Assis-toi 2 minutes après : observe la vague d'énergie et de clarté qui monte.","Fais 10 minutes en réduisant l'intensité.","Pousse le temps d'effort à 50 secondes ou ajoute du poids.","Tu ressens la décharge qui suit l'effort. La fierté d'avoir transpiré quand ne rien faire était plus simple.","À venir","Non","",""
"139","Mois 5","Le repas en pleine conscience","Santé","Mental","5","25 min","0 €","Prendre un repas complet sans aucun écran, lentement, en suivant tes signaux de satiété en temps réel.","Manger devant un écran te coupe de la satiété et te fait avaler plus, plus vite. Manger en conscience te reconnecte au goût, à la texture, et à ce moment précis où ton corps dit « ça suffit ».","Pose le téléphone hors de portée, éteins la télé. Mange lentement, en reposant les couverts entre chaque bouchée, attentif aux saveurs. Guette le moment où la faim s'éteint, et arrête-toi là, même s'il reste de l'assiette.","Applique la règle sur la première moitié du repas seulement.","Mange les yeux fermés sur quelques bouchées pour amplifier le goût.","Tu redécouvres le plaisir de manger. Une satiété plus juste, une digestion apaisée.","À venir","Non","",""
"140","Mois 5","La chasse aux voleurs d'énergie","Apprentissage","Savoir","5","15 min","0 €","Identifier en direct, dans ta journée, le moment qui te vide le plus et celui qui te recharge le plus, et nommer leur cause.","Tu ne peux pas protéger ce que tu n'as pas repéré. Au lieu de tout noter, tu mènes une enquête ciblée : trouver les deux instants charnières, et comprendre pourquoi ils te font cet effet.","Toute la journée, reste en alerte sur tes variations d'énergie. En fin de journée, isole le pire creux et le meilleur pic, et écris ce qui les a déclenchés (personne, lieu, activité, repas). Décide d'une chose à éviter et d'une à reproduire demain.","Repère seulement le plus gros « voleur d'énergie » de ta journée.","Mène l'enquête deux jours et vois si le même coupable revient.","Tu deviens l'enquêteur lucide de ton propre fonctionnement. Tu sais enfin qui te draine et qui te recharge.","À venir","Non","",""
"141","Mois 5","La vraie faim contre l'envie","Discipline","Mental","5","Toute la journée","0 €","À chaque envie de grignoter, marquer une pause pour distinguer la vraie faim de l'émotion qui la déclenche.","Le grignotage est souvent un réflexe d'ennui ou de stress déguisé en faim. L'expérience consiste à intercepter l'automatisme main-bouche et à enquêter sur l'émotion cachée derrière chaque envie.","Quand l'envie de grignoter surgit, attends 5 minutes avant tout geste. Demande-toi : « Vraie faim de ventre, ou émotion ? » et nomme l'émotion (ennui, stress, fatigue, frustration). Si c'est une émotion, réponds-lui autrement (eau, marche, appel, respiration) plutôt que par la nourriture.","Applique la pause uniquement sur les envies de l'après-midi.","Tiens un mini-journal des émotions déclencheuses sur deux jours.","Tu reprends le contrôle sur un automatisme inconscient. Tu distingues enfin la faim réelle de l'envie passagère.","À venir","Non","",""
"142","Mois 5","Le réveil en mouvement","Santé","Vitalité","6","20 min","0 €","Démarrer ta journée par 15 minutes de mouvement avant tout écran, et ressentir la différence d'état toute la matinée.","Bouger dès le réveil active la circulation et te met en mode action plutôt que passivité. C'est l'exact opposé du démarrage scroll qui plombe l'énergie — et la différence se sent dans tout le reste de la matinée.","Prépare ce soir une routine simple : étirements, gainage, marche, mobilité. Au réveil, enchaîne 15 minutes de mouvement avant de toucher ton téléphone. À midi, compare ton état à un matin lancé sur écran.","Fais 10 minutes de mouvement doux pour commencer.","Ajoute une courte séquence de cardio pour finir pleinement réveillé.","Tu démarres en acteur de ta journée, pas en spectateur. Énergie et clarté installées dès le réveil.","À venir","Non","",""
"143","Mois 5","La cuisine fermée pour la nuit","Discipline","Discipline","6","Toute la soirée","0 €","Terminer ton dîner au moins 3 h avant le coucher et ne plus rien manger ensuite, pour offrir à ton corps une vraie pause digestive.","Une pause digestive avant la nuit améliore le sommeil et la récupération. Couper le grignotage du soir est l'un des leviers les plus sous-estimés de l'énergie — et le réveil léger du lendemain en est la preuve directe.","Cale ton dîner pour qu'il se termine au moins 3 h avant le lit. Après le repas, « ferme la cuisine » : rituel symbolique (éteindre la lumière, ranger), plus rien jusqu'au matin. Si l'envie monte, bois de l'eau ou une tisane ; au réveil, note la légèreté du ventre.","Vise une pause de 2 h entre le dîner et le coucher.","Tiens cette pause digestive trois soirs d'affilée.","Tu offres à ton corps une nuit de vraie récupération. Réveil plus léger, ventre plus calme.","À venir","Non","",""
"144","Mois 5","La douche froide","Sortie de zone de confort","Courage","6","10 min","0 €","Terminer ta douche par 30 secondes d'eau froide, et garder ton calme à l'intérieur de l'inconfort.","L'eau froide te confronte à un inconfort volontaire et entraîne ta capacité à rester posé sous stress. C'est un entraînement mental autant que physique — la vraie expérience étant ce que tu fais de ta tête pendant ces 30 secondes.","Douche-toi normalement à température agréable. À la fin, bascule en froid et reste dessous 30 secondes. Pendant ce temps, respire lentement et observe la panique reculer si tu ne luttes pas.","Commence par 15 secondes d'eau froide.","Tiens 60 secondes ou prends toute la douche en froid.","Tu prouves que tu peux choisir l'inconfort et le traverser calmement. Décharge d'énergie et victoire dès le matin.","À venir","Non","",""
"145","Mois 5","La journée tout en marchant","Sport","Vitalité","6","Réparti sur la journée","0 €","Transformer un maximum de tes activités fixes en activités « en marchant », et sentir comment le corps réclame le mouvement.","La marche est l'activité la plus accessible et la plus sous-estimée. Plutôt que de courir après un chiffre de pas, tu réinventes ta journée : appels, réflexion, conversations — tout ce qui peut se faire debout et en mouvement.","Liste tes activités assises de la journée (appels, brainstorming, réseaux). Convertis-en au moins trois en versions « marchées » : appel en marchant, réflexion en marchant, café marché. Le soir, repère à quel moment ton corps t'a vraiment réclamé de bouger.","Convertis une seule activité assise en activité marchée.","Ajoute du dénivelé (escaliers, côte) à chaque déplacement de la journée.","Tu transformes une journée ordinaire en journée active. La fierté d'un corps remis en mouvement par tes choix.","À venir","Non","",""
"146","Mois 5","Le rendez-vous santé enfin pris","Organisation","Discipline","6","30 min","0 €","Prendre ce rendez-vous médical ou de prévention que tu repousses depuis trop longtemps, et ressentir le poids mental qui tombe.","Repousser un contrôle, un dentiste, un examen de routine est une procrastination qui touche directement ta santé. Décrocher ton téléphone aujourd'hui lève un poids que tu traînes parfois depuis des mois.","Identifie le rendez-vous santé que tu évites (médecin, dentiste, ophtalmo, contrôle). Trouve le contact et prends rendez-vous maintenant, par téléphone ou en ligne. Note la date comme un engagement non négociable, et observe le soulagement immédiat.","Si rien n'est urgent, planifie un bilan de prévention de routine.","Règle deux rendez-vous santé en retard dans la même journée.","Tu prends ta santé au sérieux comme un adulte responsable. Le soulagement d'avoir enfin agi.","À venir","Non","",""
"147","Mois 5","Le face-à-face du gainage","Sport","Mental","6","15 min","0 €","Tenir une planche jusqu'à ta limite, puis battre ce temps dans la même session, et observer ce que ton mental raconte sous la brûlure.","Le gainage renforce ta sangle et protège ton dos, mais le vrai terrain de jeu est mental : c'est un face-à-face avec la petite voix qui veut lâcher. L'expérience, c'est d'écouter cette voix… et de tenir un peu plus.","Échauffe-toi, tiens une première planche jusqu'à ta limite et note le temps. Repos de 2 minutes, puis vise à battre ce temps, en observant ce que dit ta tête à la brûlure. Garde le dos droit : qualité de position avant durée.","Gainage sur les genoux, ou deux séries de 20 secondes.","Enchaîne trois planches et additionne le temps total tenu.","Tu mesures ta progression en direct et tu te dépasses. La preuve que ton mental peut pousser ton corps un cran plus loin.","À venir","Non","",""
"148","Mois 5","La journée sobriété d'écran","Productivité","Discipline","6","Toute la journée","0 €","Vivre une journée à écran récréatif minimal et remarquer comment ton attention et ton ennui se transforment.","L'écran passif fatigue les yeux, fragmente l'attention et grignote l'énergie. Le plafonner libère des heures — mais surtout, tu vas redécouvrir un ennui fertile que le scroll étouffait en permanence.","Le matin, décide d'un usage récréatif minimal (réseaux, vidéos, jeux) pour la journée. À chaque réflexe de scroll, remplace par autre chose : marche, lecture, fenêtre, conversation. Le soir, note ce que tu as fait du temps récupéré et comment ta tête se sent.","Vise simplement moins d'écran récréatif que la veille.","Désinstalle temporairement l'appli la plus chronophage pour la journée.","Tu récupères du temps et de l'attention volés. Tête reposée, journée qui paraît plus longue.","À venir","Non","",""
"149","Mois 5","Le repos sans culpabilité","Gestion des émotions","Mental","6","30 min","0 €","T'accorder 30 minutes de vrai repos sans écran ni tâche utile, et observer la résistance intérieure que ça déclenche.","Se reposer sans culpabilité est une compétence rare quand on confond productivité et épuisement. La vraie expérience ici, c'est de regarder en face l'inconfort de « ne rien faire d'utile » — et de tenir quand même.","Bloque 30 minutes comme un rendez-vous avec toi-même. Choisis une activité ressourçante sans écran (sieste, musique, contemplation, thé) et installe-toi vraiment. Quand l'envie de remplir le temps surgit, nomme-la et reste : observe la culpabilité monter puis redescendre.","Commence par 15 minutes de repos délibéré.","Pratique une vraie sieste de 20 minutes en pleine journée.","Tu apprends que te reposer n'est pas une faiblesse mais un investissement. Une recharge profonde et de la paix.","À venir","Non","",""
"150","Mois 5","La séance qui prouve le chemin","Sport","Vitalité","6","40 min","0 €","Réaliser un entraînement complet de 30 minutes mêlant cardio et renforcement, et le comparer à ta forme du début de mois.","À mi-mois, tu rassembles tout ce que tu as installé : mouvement, intensité, écoute du corps. Une vraie séance complète te fait toucher du doigt, par la sensation, le chemin parcouru en quelques semaines.","Structure 30 minutes : échauffement, bloc cardio, bloc renforcement, retour au calme. Alterne poids du corps (squats, pompes, fentes, gainage) et cardio. Compare ton ressenti d'effort à ta forme du début de mois : récupération, souffle, force.","Séance de 20 minutes à intensité modérée.","Pousse à 45 minutes en circuits enchaînés, peu de repos.","Tu sens noir sur blanc ta progression du mois. La fierté d'une séance impensable il y a quatre semaines.","À venir","Non","",""
"151","Mois 5","Les trois habitudes à garder à vie","Santé","Mental","6","30 min","0 €","Faire le point sur le mois et choisir trois habitudes qui t'ont vraiment chargé, pour les ancrer dans ta vie.","Un mois d'expériences ne sert que si tu en tires des habitudes durables. Ce bilan transforme tes 31 défis en un système de santé personnel, taillé sur tes sensations à toi, pas sur une théorie générale.","Relis tes ressentis du mois et repère les expériences qui t'ont le plus rechargé. Choisis-en trois et écris, pour chacune, le déclencheur concret qui la rendra automatique (quand, où, après quoi). Fixe un rappel réel pour la première semaine du mois suivant.","Choisis une seule habitude santé à ancrer pour de bon.","Construis un mini-plan santé écrit pour le mois suivant.","Tu clôtures le mois avec un plan clair et des bases solides. Tu as transformé des défis ponctuels en mode de vie.","À venir","Non","",""
"152","Mois 6","La tâche reine","Productivité","Discipline","5","1 tâche en début de journée","0 €","Identifier et faire EN PREMIER la tâche la plus importante de ta journée, avant tout le reste.","La plupart des journées se noient dans l'urgent et le facile, et l'important glisse à demain. Faire ta tâche reine en premier garantit que, même si tout part en vrille, ta journée aura compté.","1. Ce soir ou ce matin, écris la seule tâche qui, si elle est faite, rendra ta journée utile. 2. Demain matin, attaque-la avant les emails, les messages et le café traînant. 3. Ne touche à rien d'autre tant qu'elle n'est pas terminée.","Choisis une tâche courte pour démarrer l'habitude en douceur.","Choisis la tâche que tu repousses depuis le plus longtemps.","Tu ressens la paix de celui qui a déjà gagné sa journée dès le matin.","À venir","Non","",""
"153","Mois 6","Le poste de travail d'ailleurs","Productivité","Discipline","5","2 h sur place","0 € (un café éventuel)","Travailler 2 heures depuis un lieu nouveau — bibliothèque, café, banc — et observer ce que ça fait à ton focus.","Ton environnement habituel porte tous tes réflexes de distraction. Changer de décor casse l'automatisme et te révèle dans quelles conditions ton attention tient vraiment.","1. Choisis un lieu où tu ne travailles jamais et emporte le strict minimum. 2. Installe-toi et travaille 2 heures sur une vraie tâche, pas du remplissage. 3. En partant, note ce que tu as remarqué : tu étais plus, ou moins, concentré qu'à ton poste habituel ?","Reste 1 heure dans un lieu calme et proche.","Choisis un lieu un peu inconfortable (animé, sans prise) et tiens quand même tes 2 heures.","Tu découvres que ton focus dépend autant du lieu que de ta volonté — et que tu peux le choisir.","À venir","Non","",""
"154","Mois 6","Le bloc protégé","Productivité","Discipline","5","1 bloc de travail","0 €","Travailler sur une seule tâche pendant un bloc minuté, sans aucune interruption.","Le multitâche est un mythe : chaque bascule te coûte plusieurs minutes de reconcentration. Un bloc protégé t'apprend ce que ton cerveau peut produire quand on le laisse tranquille.","1. Choisis une tâche et lance un minuteur sur un bloc que tu tiendras vraiment. 2. Téléphone en mode avion, dans une autre pièce, onglets inutiles fermés. 3. Si une distraction surgit, note-la sur papier et reviens à ta tâche sans la traiter.","Pars sur un bloc plus court pour réussir ton premier essai.","Enchaîne un deuxième bloc après une vraie pause sans écran.","Tu mesures l'écart entre une heure « occupée » et une heure réellement productive.","À venir","Non","",""
"155","Mois 6","La règle des 2 minutes","Productivité","Discipline","5","Sur la journée","0 €","Traiter immédiatement toute tâche qui prend moins de 2 minutes, au lieu de la reporter.","Les micro-tâches reportées s'accumulent en une montagne de charge mentale. Les régler à la volée vide ta tête et te prouve que l'action vaut mieux que la liste.","1. Toute la journée, dès qu'une tâche apparaît, estime sa durée. 2. Si elle prend moins de 2 minutes — répondre, ranger, payer, jeter — fais-la sur-le-champ. 3. Le soir, repère ce que tu n'as pas laissé traîner pour rien.","Applique la règle uniquement à la maison.","Applique-la aussi à tes messages : aucune notification ouverte ne reste « à traiter ».","Tu ressens le soulagement d'une journée sans arriéré qui te trotte dans la tête.","À venir","Non","",""
"156","Mois 6","Le silence des notifications","Productivité","Mental","5","15 min de réglage","0 €","Couper toutes les notifications non essentielles et observer ce que ça change à ton attention.","Chaque notification est une mini-prise de pouvoir sur ton attention. En les coupant, tu reprends la main sur QUAND tu regardes ton téléphone, au lieu de réagir en pavlov.","1. Ouvre les réglages de notifications de ton téléphone. 2. Désactive tout sauf l'essentiel : appels, messages directs des proches. 3. En particulier, coupe réseaux sociaux, jeux, actus, promos — puis remarque dans la journée ce que ton calme te révèle.","Coupe au moins les applis qui te notifient le plus.","Passe ton écran en niveaux de gris pour la journée pour réduire l'attrait.","Tu retrouves un téléphone qui se tait — et un cerveau qui respire.","À venir","Non","",""
"157","Mois 6","Le oui qu'on retire","Sortie de zone de confort","Courage","6","10 min","0 €","Renégocier un « oui » de complaisance donné cette semaine et le retirer poliment.","Refuser au départ est dur ; revenir sur un oui déjà donné l'est encore plus. C'est exactement pour ça que ça compte : tu apprends que ta parole peut se corriger sans drame, et que protéger ton temps vaut un moment d'inconfort.","1. Repère un oui que tu as lâché par réflexe cette semaine et que tu regrettes. 2. Contacte la personne et dis-le simplement : « En y repensant, je ne vais pas pouvoir tenir, je préfère te le dire maintenant. » 3. Propose une alternative seulement si tu le veux vraiment, sans te noyer en excuses.","Fais-le par message plutôt qu'en direct.","Retire un oui donné à quelqu'un devant qui tu as l'habitude de céder.","Tu découvres qu'un engagement repris à temps te respecte plus qu'un oui subi jusqu'au bout.","À venir","Non","",""
"158","Mois 6","La to-do honnête","Organisation","Discipline","5","15 min","0 €","Réduire ta liste de tâches à 3 priorités réalistes pour la journée.","Une liste de 20 tâches ne motive pas, elle écrase. Trois priorités claires transforment une montagne floue en un plan que tu peux réellement accomplir.","1. Écris en vrac tout ce que tu « devrais » faire. 2. Entoure les 3 tâches qui ont le plus d'impact aujourd'hui. 3. Mets le reste sur une liste « plus tard » et concentre-toi uniquement sur les 3.","Choisis 1 seule priorité du jour pour commencer.","Tiens-toi à cette règle des 3 priorités toute la journée, sans rien ajouter.","Tu ressens la clarté de savoir exactement quoi faire au lieu de te disperser.","À venir","Non","",""
"159","Mois 6","Mange la grenouille","Discipline","Discipline","6","Le matin","0 €","Attaquer en premier la tâche que tu redoutes le plus, avant qu'elle ne pourrisse ta journée.","La tâche qu'on évite ne disparaît pas : elle te draine en arrière-plan toute la journée. L'affronter d'abord supprime cette charge et te donne un élan que rien n'arrête.","1. Identifie la tâche que tu repousses parce qu'elle te pèse — appel gênant, démarche, dossier. 2. Avant toute autre chose aujourd'hui, mets-toi dessus pleinement. 3. Si elle n'est pas finie, au moins tu l'as commencée : l'essentiel est brisé.","Engage juste le premier pas concret — composer le numéro, ouvrir le dossier.","Termine entièrement la tâche redoutée aujourd'hui.","Tu ressens l'énergie de celui qui a tué le dragon dès le matin.","À venir","Non","",""
"160","Mois 6","Le batch des tâches","Productivité","Discipline","5","1 créneau dédié","0 €","Regrouper toutes les tâches d'un même type pour les traiter en une seule fois.","Passer d'un type de tâche à l'autre fatigue ton cerveau. Grouper — tous les appels, tous les messages, toutes les courses — supprime ce coût caché et accélère tout.","1. Choisis un type de tâche éparpillé dans ta semaine : appels, messages, paperasse. 2. Bloque un créneau unique et traite-les toutes d'affilée. 3. Repère combien de fois tu aurais sinon « rouvert » ce sujet dans la journée.","Batche une seule catégorie de petites tâches.","Planifie tes batchs récurrents pour la semaine à venir.","Tu ressens l'efficacité fluide de celui qui ne saute plus de sujet en sujet.","À venir","Non","",""
"161","Mois 6","La photo de ta journée","Productivité","Discipline","5","Sur la journée + 5 min le soir","0 €","Prendre une photo de chaque tâche finie dans la journée, puis regarder ce bilan visuel le soir.","On finit des choses toute la journée sans jamais les voir s'accumuler — d'où ce sentiment de « rien fait ». Rendre tes victoires visibles change ce que tu ressens de ta journée, pas seulement ce que tu en penses.","1. Aujourd'hui, dès qu'une tâche est terminée, prends-la en photo : l'évier vide, le mail parti, le carton fermé. 2. Laisse ces photos s'accumuler sans les regarder en cours de route. 3. Le soir, fais défiler la pellicule et observe ce que ta journée a réellement produit.","Photographie seulement tes 3 tâches les plus importantes.","Montre ton bilan visuel à quelqu'un et raconte-lui ta journée à partir des images.","Tu vois noir sur blanc que tu en as fait plus que ton cerveau ne voulait l'admettre.","À venir","Non","",""
"162","Mois 6","La matinée sans écran","Discipline","Mental","5","La première heure","0 €","Passer la première heure de ta journée sans toucher à ton téléphone.","Commencer par l'écran, c'est laisser les autres dicter ton humeur et tes pensées avant même de t'appartenir. Une heure protégée te rend ta journée dès le réveil.","1. Ce soir, laisse ton téléphone hors de ta chambre ou en mode avion. 2. Au réveil, ne le consulte pas pendant la première heure. 3. Remplace ce temps par une action choisie : eau, étirements, plan du jour, lecture.","Tiens une demi-heure sans écran au réveil.","Étends la règle à 90 minutes, sans aucune notification consultée.","Tu sens la différence d'une journée que TU démarres, au lieu de la subir.","À venir","Non","",""
"163","Mois 6","Le timeboxing du jour","Productivité","Discipline","5","15 min de prépa","0 €","Planifier ta journée en blocs horaires assignés à des tâches précises.","Une tâche sans créneau attend indéfiniment « le bon moment » qui ne vient jamais. Lui donner une heure de début et de fin transforme l'intention en rendez-vous avec toi-même.","1. Découpe ta journée en blocs — par exemple 9h-10h, 10h-11h30. 2. Assigne une tâche précise à chaque bloc, en gardant des marges réalistes. 3. Respecte les créneaux : quand l'heure tourne, tu passes au bloc suivant.","Timeboxe seulement ta matinée.","Inclus des blocs de pause, de repas et de sport, et tiens tout le planning.","Tu ressens la maîtrise de celui qui pilote sa journée au lieu de la laisser filer.","À venir","Non","",""
"164","Mois 6","La session deep work","Productivité","Mental","6","1 session profonde","0 €","Tenir une session de concentration profonde sur une tâche exigeante, sans aucune sortie.","Les résultats qui comptent viennent de la concentration profonde, devenue rare à l'ère des interruptions. Savoir t'y plonger te place déjà au-dessus de la majorité.","1. Choisis une tâche qui demande vraiment de réfléchir : créer, écrire, apprendre, résoudre. 2. Coupe tout — téléphone, internet inutile, bruit — et lance ta session. 3. Une seule tâche, zéro bascule : si tu décroches, reviens sans te juger.","Vise une session plus courte mais sans la moindre interruption.","Enchaîne une seconde session profonde plus tard dans la journée.","Tu découvres la satisfaction rare d'un travail dont tu es vraiment fier.","À venir","Non","",""
"165","Mois 6","Le projet qui dort","Apprentissage","Savoir","6","1 vraie session","0 €","Faire avancer concrètement un projet personnel que tu remets depuis des mois.","Les projets qui dorment pèsent comme une dette : ils te rappellent ce que tu n'as pas fait. Un seul pas concret les sort du purgatoire et relance ta dynamique.","1. Choisis LE projet que tu repousses : apprendre, créer, lancer quelque chose. 2. Définis le plus petit pas concret qui le fait avancer pour de vrai. 3. Consacre-lui une vraie session aujourd'hui, sans viser la perfection.","Limite-toi à un court créneau pour casser l'inertie.","Planifie un créneau hebdomadaire fixe pour ce projet jusqu'à la fin du mois.","Tu ressens le soulagement de voir bouger ce qui était bloqué depuis trop longtemps.","À venir","Non","",""
"166","Mois 6","Le détox digital","Gestion des émotions","Mental","5","Un bloc d'après-midi ou de soirée","0 €","Passer un bloc d'heures totalement sans écran, sans urgence à combler.","Notre cerveau a désappris l'ennui, devenu le terreau des meilleures idées. Quelques heures déconnectées te rendent une présence et une lucidité que le flux constant t'avait volées.","1. Choisis un bloc d'heures et préviens tes proches si besoin. 2. Range tous les écrans hors de portée : téléphone, ordi, télé. 3. Remplis ce temps par du réel : marche, lecture, création, conversation, rien du tout.","Commence par un bloc plus court mais sans aucune entorse.","Étends à une demi-journée complète sans aucun écran.","Tu redécouvres le temps qui s'étire et l'esprit qui se calme.","À venir","Non","",""
"167","Mois 6","L'email que tu repousses","Sortie de zone de confort","Courage","6","20 min","0 €","Écrire et envoyer le seul message difficile que tu évites depuis trop longtemps.","Un message évité ne pèse pas par sa longueur mais par la place qu'il prend dans ta tête. L'envoyer libère d'un coup une charge mentale que tu traînais peut-être depuis des semaines.","1. Identifie le message que tu repousses : relance gênante, mise au point, demande qui te coûte. 2. Écris-le simplement et honnêtement, sans le réécrire dix fois. 3. Appuie sur envoyer aujourd'hui — pas demain.","Écris-le entièrement aujourd'hui et programme-le pour un envoi imminent.","Choisis le message le plus inconfortable de ta liste, celui que tu enterres depuis le plus longtemps.","Tu ressens le soulagement net de celui qui a enfin sorti le sujet de sa tête.","À venir","Non","",""
"168","Mois 6","La délégation","Social","Charisme","5","15 min","0 €","Confier à quelqu'un d'autre une tâche que tu fais par habitude alors que ce n'est pas à toi.","Vouloir tout faire soi-même n'est pas de la rigueur, c'est un frein. Apprendre à déléguer ou à demander de l'aide libère ton temps pour ce que toi seul peux faire.","1. Repère une tâche que tu pourrais déléguer ou partager — à la maison, au travail, entre amis. 2. Demande clairement à la bonne personne de la prendre en charge. 3. Lâche prise sur le « comment » : accepte qu'elle soit faite autrement que par toi.","Demande de l'aide sur une partie d'une tâche.","Délègue la tâche que tu as le plus de mal à lâcher par perfectionnisme.","Tu ressens le soulagement de ne plus tout porter seul.","À venir","Non","",""
"169","Mois 6","Le grand tri numérique","Organisation","Mental","5","1 session de tri","0 €","Nettoyer ton téléphone et ton ordinateur : applis, fichiers, photos, onglets.","Le désordre numérique est invisible mais bien réel : il ralentit tes appareils et ton esprit. Un grand tri rend ton environnement digital aussi net qu'un bureau dégagé.","1. Supprime les applis que tu n'as pas ouvertes depuis longtemps. 2. Range ton écran d'accueil et ferme les dizaines d'onglets ouverts. 3. Crée une structure de dossiers simple pour tes fichiers et photos.","Concentre-toi uniquement sur l'écran d'accueil du téléphone.","Fais un tri complet incluant tes mots de passe et tes accès.","Tu ressens la fluidité d'un environnement digital qui te sert au lieu de te freiner.","À venir","Non","",""
"170","Mois 6","24 h en monochrome social","Social","Charisme","6","Sur la journée","0 €","Pendant 24 h, suivre la vie réelle d'un proche au lieu de scroller la vie des inconnus — puis lui dire ce que tu as remarqué.","Tu connais l'actu de centaines d'inconnus et tu rates ce qui se passe juste à côté de toi. Reporter cette attention vers une seule personne réelle te reconnecte à ce qui compte vraiment — et ça se sent dans la relation.","1. Choisis un proche et décide que, pendant 24 h, c'est SA vie que tu suis attentivement, pas les fils d'actualité. 2. Observe vraiment : son humeur, ce qu'il vit en ce moment, ce qu'il ne dit pas. 3. À la fin, dis-lui ce que tu as remarqué — un détail vrai, pas une formule.","Concentre l'attention sur une demi-journée passée ensemble.","Choisis un proche dont tu t'es éloigné et utilise ce que tu remarques pour relancer le lien.","Tu ressens la chaleur de voir vraiment quelqu'un — et l'effet que ça lui fait d'être vu.","À venir","Non","",""
"171","Mois 6","Le système anti-distraction","Discipline","Discipline","6","30 min de mise en place","0 €","Construire un environnement qui rend tes distractions difficiles d'accès par défaut.","La volonté s'épuise, l'environnement non. Plutôt que de lutter contre tes distractions toute la journée, tu les mets hors de portée une fois pour toutes.","1. Liste tes distractions principales : appli, jeu, site, grignotage. 2. Ajoute une friction à chacune : déconnexion, appli bloquée, téléphone dans une autre pièce. 3. Teste ce système sur une journée de travail et ajuste ce qui flanche.","Mets en place une seule friction sur ta pire distraction.","Crée un « mode focus » complet que tu pourras réactiver chaque jour.","Tu ressens la liberté de ne plus avoir à résister à chaque seconde.","À venir","Non","",""
"172","Mois 6","La journée mono-tâche","Discipline","Mental","6","Sur la journée","0 €","Passer une journée entière à ne faire qu'une seule chose à la fois, sans jamais multitâcher.","Le multitâche est devenu un réflexe qui dégrade tout ce qu'on fait. Une journée mono-tâche te réapprend la présence pleine et te montre la qualité que tu perds en te divisant.","1. Toute la journée, une seule activité occupe ton attention à la fois. 2. Tu manges sans téléphone, tu marches sans podcast, tu travailles sans onglet parasite. 3. Quand tu te surprends à faire deux choses, arrête-toi et reviens à une seule.","Applique la mono-tâche sur une demi-journée.","Inclus tes conversations : tu écoutes les gens sans rien faire d'autre en même temps.","Tu redécouvres l'intensité et le calme de faire vraiment une chose à la fois.","À venir","Non","",""
"173","Mois 6","Le sprint livrable","Productivité","Création","6","1 sprint concentré","0 €","Boucler en un seul sprint concentré un livrable que tu étales habituellement sur des jours.","Le travail s'étire toujours pour remplir le temps qu'on lui laisse. Un sprint à échéance courte révèle à quel point tu peux produire quand tu décides vraiment d'avancer.","1. Choisis un livrable précis que tu traînes : dossier, candidature, contenu, rangement majeur. 2. Bloque ton sprint avec pauses courtes, et coupe toute distraction. 3. Vise « fini et imparfait » plutôt que « parfait et jamais terminé ».","Choisis un livrable plus petit pour réussir ton premier sprint.","Choisis le projet le plus lourd que tu repousses depuis des semaines.","Tu ressens la fierté brute d'avoir bouclé en une fois ce qui te hantait depuis longtemps.","À venir","Non","",""
"174","Mois 6","L'audit de ton temps","Organisation","Savoir","6","Sur la journée + 20 min","0 €","Noter l'usage de chaque tranche de ta journée pour voir où passe vraiment ton temps.","On croit savoir où va notre temps, mais la réalité est souvent brutale. Un audit honnête révèle les fuites invisibles et te donne les vrais leviers pour les boucher.","1. Toute la journée, note ce que tu fais par tranches courtes. 2. Le soir, regroupe par catégories : travail, écran, transport, repos, perte. 3. Identifie les 2 plus grosses fuites de temps et une action pour chacune.","Audite seulement ta journée à grosses tranches : matin, aprèm, soir.","Tiens l'audit sur plusieurs jours et compare les tendances par poste.","Tu ressens le choc utile de voir la vérité sur ton temps — et le pouvoir de la corriger.","À venir","Non","",""
"175","Mois 6","Le regard extérieur","Social","Charisme","6","20 min","0 €","Demander à une personne qui te côtoie au travail ce qui, selon elle, te fait perdre le plus de temps ou d'énergie.","On a tous un angle mort sur nos propres habitudes de travail. Demander un retour franc à quelqu'un qui t'observe te révèle ce que tu ne vois pas — à condition d'oser poser la question.","1. Choisis une personne qui te voit fonctionner : collègue, associé, coloc, proche. 2. Demande-lui simplement : « D'après toi, qu'est-ce qui me fait le plus tourner en rond ? » 3. Écoute sans te défendre, remercie, et retiens une seule chose à tester.","Pose la question par message si le direct te bloque.","Demande le retour à quelqu'un dont l'avis t'intimide un peu.","Tu ressens la force tranquille de celui qui ose entendre la vérité pour grandir.","À venir","Non","",""
"176","Mois 6","La tâche reine déléguée","Organisation","Discipline","6","Sur la journée","0 €","Confier à quelqu'un le suivi de ta priorité du jour, en t'engageant publiquement à la livrer.","Une priorité que tu es seul à connaître est facile à abandonner. La rendre publique crée un témoin et un engagement : tu ne te trahis plus seulement toi, et c'est exactement ce qui te fait tenir.","1. Le matin, choisis ta priorité du jour et formule-la clairement. 2. Annonce-la à une personne de confiance : « Aujourd'hui, je m'engage à finir ça, je te le dis ce soir. » 3. Le soir, rends-lui des comptes pour de vrai — résultat tenu ou non, sans tricher.","Annonce ton engagement par message plutôt qu'en direct.","Engage-toi devant un groupe ou quelqu'un dont l'avis compte beaucoup pour toi.","Tu ressens le poids motivant d'une parole donnée à voix haute — et la fierté de l'avoir tenue.","À venir","Non","",""
"177","Mois 6","Le grand désabonnement","Finances","Prospérité","6","40 min","0 € (économies à la clé)","Passer en revue tous tes abonnements et résilier ceux qui ne te servent plus.","Les abonnements oubliés saignent ton argent ET ton attention en silence. Faire le tri récupère de l'argent chaque mois et allège ton paysage mental d'engagements morts.","1. Liste tous tes abonnements : streaming, applis, salle, services. 2. Pour chacun, demande : l'ai-je vraiment utilisé ce mois-ci ? 3. Résilie sans état d'âme ceux qui ne passent pas le test.","Concentre-toi sur les abonnements de divertissement.","Calcule le total annuel récupéré et affecte-le à un objectif d'épargne.","Tu ressens le double soulagement d'économiser et de simplifier ta vie.","À venir","Non","",""
"178","Mois 6","La règle du « pas de zéro »","Discipline","Discipline","6","Variable","0 €","T'interdire une « journée à zéro » sur ta priorité, même si tu ne fais qu'un pas minuscule.","Les grands projets meurent des journées à zéro qui s'accumulent. La règle du « jamais de zéro » garde la chaîne intacte et entretient l'élan même les jours sans motivation.","1. Choisis une priorité qui compte pour toi en ce moment. 2. Engage-toi : aujourd'hui, tu fais au moins UN pas, même minuscule — une ligne, une minute, un appel. 3. Repère ce que ça change de ne pas finir la journée à zéro.","Applique-la sur une seule priorité bien définie.","Applique le « pas de zéro » à 2 ou 3 domaines en même temps.","Tu ressens la force tranquille de la constance qui finit toujours par gagner.","À venir","Non","",""
"179","Mois 6","La journée pilotée","Productivité","Discipline","6","Sur la journée","0 €","Combiner ce que tu as appris ce mois-ci pour vivre une journée pleinement maîtrisée.","Les techniques isolées valent moins que leur combinaison. Une journée où tu empiles plan, focus, mono-tâche et clôture te montre de quoi tu es vraiment capable.","1. Le matin : plan en 3 priorités + tâche reine + timeboxing. 2. La journée : blocs de focus, téléphone à distance, mono-tâche, micro-tâches réglées au vol. 3. Le soir : tour d'horizon de la journée et cap pour demain.","Applique au moins 3 des techniques du mois sur la journée.","Tiens cette journée pilotée sans aucune entorse du réveil au coucher.","Tu ressens la puissance d'une journée entièrement entre tes mains.","À venir","Non","",""
"180","Mois 6","Le projet livré","Sortie de zone de confort","Courage","6","2 h","0 €","Terminer et « livrer » un projet qui traînait : l'envoyer, le publier, le clôturer pour de bon.","Beaucoup de choses sont faites à 90 % et ne servent à rien tant qu'elles ne sont pas livrées. Franchir le dernier pas et assumer le résultat, c'est ça la productivité réelle.","1. Choisis un projet que tu gardes « presque fini » par peur ou perfectionnisme. 2. Fais les derniers pas nécessaires pour qu'il soit utilisable. 3. Livre-le concrètement : envoie, publie, partage, dépose — rends-le réel.","Livre une version plus modeste mais terminée du projet.","Livre un projet visible par d'autres et accepte leur regard.","Tu ressens la fierté unique de celui qui FINIT et assume, au lieu de toujours peaufiner dans l'ombre.","À venir","Non","",""
"181","Mois 6","Ton manuel de productivité","Apprentissage","Savoir","6","30 min","0 €","Écrire ton propre mode d'emploi de productivité à partir de ce qui a marché ce mois-ci.","Les meilleures méthodes ne sont pas dans les livres, elles sont dans ce qui fonctionne POUR TOI. Formaliser ton système te donne un repère solide à réactiver dès que tu décroches.","1. Relis tes ressentis du mois et repère les techniques qui t'ont le plus aidé. 2. Écris-les comme des règles personnelles, simples et concrètes. 3. Garde ce manuel à portée — note, papier au mur — pour t'y référer.","Retiens et note tes 3 techniques les plus efficaces.","Transforme ton manuel en routine quotidienne planifiée pour le mois suivant.","Tu repars avec un système qui t'appartient, prouvé sur le terrain par toi-même.","À venir","Non","",""
"182","Mois 7","Le grand inventaire, soldes ouverts","Finances","Prospérité","5","30 min","0 €","Ouvrir TOUS tes comptes en ligne aujourd'hui et relever en direct ta situation nette réelle.","On ne pilote bien que ce qu'on regarde en face. Se connecter à chaque compte (et non l'estimer de mémoire) coupe le brouillard d'angoisse vague qui plombe la plupart des gens vis-à-vis de l'argent. L'action, c'est d'aller chercher les vrais chiffres, pas de les deviner.","Connecte-toi à chaque banque, livret et appli de paiement, relève le solde exact affiché. Note tout ce qu'on te doit et tout ce que tu dois (crédits, découverts, sommes prêtées par des proches). Soustrais en une ligne : tu obtiens ton patrimoine net réel, vérifié, pas estimé.","Limite-toi à tes comptes courants et ton épargne disponible.","Active dès aujourd'hui l'agrégation de tous tes comptes dans une seule appli de suivi.","Tu remplaces une peur floue par un chiffre vérifié. Même s'il n'est pas joli, tu sais enfin d'où tu pars — et tu l'as constaté de tes yeux.","À venir","Non","",""
"183","Mois 7","La résiliation immédiate","Finances","Prospérité","5","25 min","0 €","Résilier aujourd'hui, pour de bon, au moins un abonnement que tu n'utilises plus vraiment.","Les prélèvements automatiques sont conçus pour être oubliés. Repérer une fuite ne suffit pas : tant que tu n'as pas cliqué sur « résilier » ou envoyé le mail, l'argent continue de partir. Ce défi se valide par l'acte de couper, pas par le constat.","Repère le prélèvement récurrent le plus inutile sur tes derniers relevés. Va dans l'espace client (ou écris/appelle) et lance la résiliation maintenant. Garde la preuve : mail de confirmation, capture, ou numéro de dossier.","Mets l'abonnement en pause officielle si la résiliation immédiate est bloquée.","Résilie deux abonnements dans la même session.","Tu reprends le contrôle sur une dépense qui décidait à ta place. Premier euro récupéré pour de vrai, première victoire irréversible.","À venir","Non","",""
"184","Mois 7","La journée sans dépense","Discipline","Discipline","5","Toute la journée","0 €","Passer 24 heures sans dépenser le moindre centime, et le vivre vraiment.","Une journée à zéro dépense casse l'automatisme du « petit achat réflexe » et te montre, par l'expérience directe, à quel point beaucoup de sorties d'argent sont des habitudes, pas des besoins.","Ce matin, prépare ce qu'il te faut (repas, café, eau) pour ne rien acheter dehors. Pendant la journée, dis non à chaque tentation, sans aucune exception « pour une fois ». Le soir, note les moments où ta main est partie vers le portefeuille par réflexe.","Autorise les dépenses vitales déjà prévues, mais zéro extra.","Tiens deux jours d'affilée sans aucune dépense non essentielle.","Tu prouves que tu peux dire non à l'impulsion. Sentiment de maîtrise au lieu de subir tes envies.","À venir","Non","",""
"185","Mois 7","La fuite numéro un, stoppée","Finances","Prospérité","5","30 min","0 €","Repérer ta plus grosse fuite du mois dernier et poser AUJOURD'HUI une action qui la coupe.","Trier ses dépenses ne sert à rien si rien ne change après. Ce défi va droit au but : tu identifies LA fuite la plus grosse, et tu poses immédiatement le geste qui la stoppe (suppression, plafond, blocage), au lieu de juste l'observer.","Sur ton relevé du mois dernier, repère la dépense « fuite » la plus lourde (celle qui ne t'a rien apporté). Pose maintenant une action concrète : supprimer le service, fixer un plafond bancaire, supprimer une carte enregistrée. Note la somme que ce geste devrait t'éviter de perdre le mois prochain.","Agis sur la fuite d'une seule semaine de dépenses.","Coupe les deux plus grosses fuites du mois dans la foulée.","Tu transformes un mystère en levier actionné. La fuite identifiée n'est plus un constat : c'est un robinet que tu viens de fermer.","À venir","Non","",""
"186","Mois 7","Le virement automatique enclenché","Finances","Prospérité","5","15 min","montant choisi","Programmer aujourd'hui un virement automatique récurrent vers ton épargne et le déclencher une première fois.","L'épargne ne démarre pas avec de grosses sommes, mais avec un système qui rend l'effort invisible et automatique. Tant que le virement n'est pas programmé dans ta banque, il n'existe pas. Ce défi se valide par l'automatisation enclenchée, pas par l'intention.","Choisis un petit montant fixe que tu ne sentiras pas passer (même 5 ou 10 €). Programme un virement automatique récurrent (hebdo ou mensuel) vers ton livret ou sous-compte. Lance le tout premier virement à la main aujourd'hui pour amorcer la machine.","Active l'arrondi automatique de ton appli bancaire à défaut de virement fixe.","Programme deux virements : un d'épargne, un dédié à un objectif précis.","Tu transformes l'épargne en mécanisme indolore qui tourne sans toi. Chaque mois, ton futur reçoit un versement sans que tu aies à y penser.","À venir","Non","",""
"187","Mois 7","Le batch cooking de la semaine","Santé","Vitalité","5","60 min","~8 €","Cuisiner en une fois plusieurs portions qui remplaceront concrètement des repas livrés cette semaine.","La livraison et les plats préparés sont l'une des plus grosses fuites budgétaires des 18-35 ans. Cuisiner un seul repas, c'est anecdotique ; préparer d'avance plusieurs portions, c'est supprimer pour de vrai 3 ou 4 commandes de la semaine. L'action remplace une habitude coûteuse par une réserve prête.","Choisis une recette simple et économique, multipliable en 3-4 portions. Cuisine tout en une session et stocke les portions (frigo/congélo) prêtes à réchauffer. Cette semaine, à chaque envie de commander, mange une de tes portions à la place.","Prépare deux portions d'avance au lieu de quatre.","Couvre tous tes déjeuners de la semaine en une seule session de cuisine.","Tu reprends le contrôle de ton assiette ET de ton budget. Chaque portion sortie du frigo est une commande non passée.","À venir","Non","",""
"188","Mois 7","Refuser le panier, verser la somme","Finances","Prospérité","5","10 min","0 € (transfert interne)","Refuser un achat déjà dans ton panier ET virer la somme exacte sur ton épargne le jour même.","Renoncer à un achat, ça s'évapore vite si l'argent reste sur le compte courant : on le redépense ailleurs. En virant immédiatement la somme exacte vers l'épargne, tu transformes un « non » abstrait en gain réel et visible. Le renoncement devient une action irréversible qui construit ton coussin.","Identifie un achat actuellement dans un panier (en ligne ou mentalement validé) dont tu peux te passer. Abandonne-le pour de bon et relève son montant exact. Vire ce montant exact, aujourd'hui, de ton compte courant vers ton épargne.","Vire la moitié du montant si la somme totale est trop lourde aujourd'hui.","Applique la règle à tous les achats que tu refuses cette semaine et vire chaque somme le jour même.","Tu sens, noir sur blanc, que dire non te rapporte. Ton renoncement n'a pas disparu : il est sur ton épargne, à toi.","À venir","Non","",""
"189","Mois 7","Le défi du frigo","Organisation","Discipline","5","30 min","0 €","Composer tous tes repas du jour uniquement avec ce que tu as déjà chez toi, sans rien acheter.","Le gaspillage alimentaire est de l'argent jeté à la poubelle. Vider ce que tu as avant de racheter réduit concrètement tes courses et muscle ta créativité avec les moyens du bord. L'action : tenir une journée sans aucun nouvel achat alimentaire.","Fais l'inventaire de ton frigo, congélateur et placards. Identifie ce qui doit être mangé en priorité avant de périmer. Cuisine et mange aujourd'hui sans rien acheter de nouveau.","Tiens sur un seul repas sans rien acheter.","Tiens deux jours complets sans faire de courses.","Tu transformes « il n'y a rien à manger » en débrouille satisfaisante. Moins de gaspillage, plus de fierté.","À venir","Non","",""
"190","Mois 7","Le rachat de ton temps","Apprentissage","Savoir","5","25 min","0 €","Calculer le prix d'une heure de ta vie active, puis prendre UNE décision réelle qui en découle aujourd'hui.","Connaître la valeur de ton heure ne sert que si tu agis dessus. Ce défi va plus loin que le calcul : tu utilises ton tarif horaire pour trancher une vraie arbitrage du jour (déléguer une corvée, refuser un trajet qui « économise » des centimes, dire oui à une mission).","Divise ton revenu mensuel net par tes heures travaillées dans le mois : voilà le prix brut d'une heure. Repère une situation actuelle où tu « perds » ton heure pour gagner trois fois rien. Tranche-la aujourd'hui : délègue, achète le gain de temps, ou refuse la fausse économie.","Contente-toi de calculer ton taux horaire et d'identifier une décision à prendre.","Recalcule en incluant trajet et préparation non payés, puis réorganise une habitude chronophage.","Tu donnes une valeur tangible à ton temps et tu agis dessus. Tu arrêtes de brader des heures pour économiser des centimes.","À venir","Non","",""
"191","Mois 7","La conversation argent","Social","Charisme","5","30 min","0 €","Parler argent ouvertement, en vrai, avec une personne de confiance aujourd'hui.","L'argent est le dernier grand tabou. Oser une vraie conversation avec quelqu'un de confiance casse la honte, révèle des astuces et te donne une perspective extérieure sur tes propres choix. L'action : provoquer l'échange, pas seulement y penser.","Choisis une personne de confiance qui gère plutôt bien son argent. Lance la conversation aujourd'hui (appel, café, message vocal) et pose une vraie question : comment elle épargne, comment elle a appris. Repars avec un conseil ou une habitude concrète que tu testes cette semaine.","Démarre par un message écrit honnête plutôt qu'un échange en direct.","Comparez ouvertement vos budgets et fixez-vous un défi financier mutuel.","Tu brises un tabou et tu apprends de quelqu'un de réel. L'argent devient un sujet, plus une honte.","À venir","Non","",""
"192","Mois 7","Le budget qui vit","Finances","Prospérité","6","45 min","0 €","Poser ton budget mensuel sur une page ET le mettre en mouvement par au moins un transfert réel aujourd'hui.","Un budget n'est pas une feuille morte : c'est un plan qui donne une mission à chaque euro. Pour qu'il existe vraiment, il faut le faire vivre dès maintenant — répartir l'argent réellement, pas juste écrire des cases. Ce défi se valide par une action de répartition concrète.","Sur une page : revenu net, dépenses fixes, variables, épargne. Vérifie que chaque euro a une mission et qu'il reste de quoi épargner, même un peu. Passe à l'acte aujourd'hui : crée un sous-compte par poste, ou vire la part d'épargne du mois maintenant.","Construis le budget sur les trois postes principaux et fais un seul transfert.","Applique la règle 50/30/20 et ouvre un sous-compte par catégorie.","Tu passes de spectateur à pilote. Ton budget ne dort pas dans une note : il bouge déjà ton argent.","À venir","Non","",""
"193","Mois 7","Le coup de fil qui rapporte","Sortie de zone de confort","Courage","6","30 min","0 €","Appeler un fournisseur (téléphone, internet, assurance, énergie) aujourd'hui pour faire baisser une facture.","Les entreprises comptent sur ta passivité. Un simple appel pour demander une remise ou comparer avec la concurrence fait souvent baisser la facture, sans rien changer à ton service. La valeur est dans l'appel passé, pas dans la préparation.","Choisis une facture récurrente que tu trouves trop chère et repère une offre concurrente comme argument. Appelle aujourd'hui le service client et demande poliment un geste ou un alignement sur la concurrence. Note l'issue : remise obtenue, offre changée, ou refus à relancer plus tard.","Demande le geste par chat ou mail si l'appel te bloque, mais envoie-le aujourd'hui.","Enchaîne deux fournisseurs dans la même journée.","Tu oses demander, et tu découvres que demander paie. Confiance et économie dans le même geste.","À venir","Non","",""
"194","Mois 7","Vendre ce qui dort","Organisation","Discipline","6","45 min","0 €","Publier aujourd'hui au moins trois annonces pour vendre des objets que tu n'utilises plus.","Tes placards sont pleins d'argent endormi. Vendre l'inutile libère de l'espace, génère du cash immédiat et t'apprend la valeur réelle de ce que tu accumules. Le défi se valide par les annonces réellement en ligne, pas par l'intention de vendre.","Repère trois objets en bon état que tu n'utilises plus. Photographie-les correctement et rédige une annonce honnête pour chacun. Publie les trois sur une plateforme de revente aujourd'hui.","Mets en vente un seul objet pour te lancer.","Vide une catégorie entière (vêtements, jeux, électronique) en annonces.","Tu transformes l'encombrement en liberté et en argent. Chaque objet publié allège ta vie et peut remplir ton compte.","À venir","Non","",""
"195","Mois 7","L'enveloppe plaisir, mise de côté","Discipline","Discipline","6","15 min","montant choisi","Sortir physiquement (ou via un sous-compte) ton budget plaisir de la semaine et t'engager à t'arrêter quand il est vide.","Se priver de tout plaisir mène à l'abandon. Au lieu de culpabiliser, tu alloues une somme précise et tu la sépares vraiment du reste : tu profites sans dérapage et sans remords. L'action, c'est le cloisonnement réel de l'argent, pas la simple décision mentale.","Décide d'un montant raisonnable réservé à tes plaisirs cette semaine. Sépare-le pour de vrai : retrait en espèces dans une enveloppe, ou virement vers un sous-compte « plaisir ». Engage-toi : quand l'enveloppe est vide, c'est fini jusqu'à la semaine prochaine.","Cloisonne le budget plaisir juste pour le week-end.","Tiens l'enveloppe plaisir sur deux semaines complètes.","Tu profites sans culpabilité parce que c'était prévu et mis de côté. Plaisir et maîtrise enfin réconciliés.","À venir","Non","",""
"196","Mois 7","Le coussin de sécurité ouvert","Finances","Prospérité","6","25 min","montant choisi","Ouvrir aujourd'hui un compte dédié à ton épargne de précaution et y faire un premier versement réel.","Un fonds d'urgence est ce qui sépare un imprévu d'une catastrophe. Même petit au départ, il t'évite le crédit panique. Mais un fonds « prévu » n'existe pas : seul un compte ouvert et alimenté compte. Ce défi se valide par l'ouverture et le premier versement.","Ouvre un compte séparé de ton courant (livret ou sous-compte dédié) aujourd'hui. Fais ton premier versement, même modeste, tout de suite. Nomme ce compte « Sécurité » pour ne jamais y toucher par réflexe.","Verse une somme symbolique juste pour ouvrir et activer le compte.","Fixe un objectif (ex. un mois de dépenses) et programme le virement automatique pour l'atteindre.","Tu construis ton filet de sécurité pour de vrai. Premier pas concret vers la tranquillité d'esprit financière.","À venir","Non","",""
"197","Mois 7","Le no-buy thématique","Sortie de zone de confort","Courage","6","Toute la semaine","0 €","Bannir une catégorie d'achat précise pendant 7 jours, sans aucune exception.","Le no-buy ciblé révèle tes automatismes de consommation. En coupant une catégorie (fringues, gadgets, livraison), tu vois combien d'argent et d'espace mental elle te prenait sans valeur réelle. L'expérience se vit dans la durée, pas dans la théorie.","Choisis ta catégorie la plus tentante à couper et fixe la date de fin (dans 7 jours). Bloque ce qui facilite l'achat : supprime l'appli, désabonne-toi de la newsletter de la marque. Chaque envie de craquer, note-la au lieu d'acheter.","Coupe la catégorie sur 3 jours pour commencer.","Bannis deux catégories à la fois sur la semaine.","Tu prouves que tu peux te passer de ce que tu croyais indispensable. Liberté inattendue.","À venir","Non","",""
"198","Mois 7","L'offre publiée","Apprentissage","Savoir","6","40 min","0 €","Rédiger une vraie offre de service à partir d'une de tes compétences ET la rendre visible publiquement aujourd'hui.","Tu as déjà des compétences que d'autres paieraient. Mais une compétence « identifiée » dans ta tête ne rapporte rien : c'est l'offre publiée qui ouvre la porte. Ce défi te fait passer de l'idée à une annonce réelle que quelqu'un peut voir et accepter.","Choisis une compétence que tu maîtrises mieux que la moyenne (créa, langue, bricolage, organisation…). Rédige une offre claire en une phrase : ce que tu proposes, à qui, à quel prix. Publie-la aujourd'hui (groupe local, story, plateforme de services, message à ton réseau).","Envoie ton offre en message privé à trois personnes susceptibles d'être intéressées.","Crée une mini-page ou un post détaillé et diffuse-le sur deux canaux.","Tu réalises que ta valeur est monétisable — et tu l'as mise sur le marché. L'idée d'un revenu en plus devient une porte ouverte.","À venir","Non","",""
"199","Mois 7","Audit fournisseur : résilier ou mutualiser","Finances","Prospérité","6","35 min","0 €","Passer 1 appel pour résilier un service OU monter un achat groupé avec un proche pour partager un coût récurrent.","Beaucoup de coûts récurrents sont soit inutiles, soit divisibles. Les éplucher ne change rien ; agir, oui. Ce défi te laisse le choix entre deux actions réelles : couper net (un appel de résiliation) ou alléger durablement (mutualiser un abonnement, une livraison, un service avec quelqu'un).","Repère un coût récurrent à supprimer ou à partager. **Soit** appelle aujourd'hui pour résilier ce service. **Soit** propose à un proche un partage concret (abonnement familial, achat groupé, courses mutualisées) et acte-le. Note l'économie mensuelle obtenue par ton action.","Choisis l'option la moins intimidante des deux et fais-la entièrement.","Fais les deux : une résiliation ET une mutualisation dans la même journée.","Tu agis sur tes coûts fixes au lieu de les subir. Une dépense récurrente vient de baisser pour de bon — et parfois, un lien s'est resserré au passage.","À venir","Non","",""
"200","Mois 7","Le premier placement, réellement ouvert","Finances","Prospérité","6","40 min","somme symbolique","Ouvrir réellement le premier placement accessible et y verser une somme symbolique — action irréversible, pas une simulation.","Comprendre l'investissement ne change rien tant que tu n'as pas franchi le pas. Ouvrir un placement (livret réglementé, plan d'épargne accessible) et y mettre ne serait-ce que quelques euros transforme un savoir théorique en expérience réelle. Le geste, modeste, brise pour toujours la barrière du « ce n'est pas pour moi ».","Choisis le placement le plus simple et accessible pour démarrer (sans engager des sommes que tu ne peux pas immobiliser). Ouvre-le réellement aujourd'hui via ta banque ou un acteur reconnu. Verse une somme symbolique pour activer le compte et constater que c'est fait.","Limite-toi au placement le plus sûr et le plus liquide, avec le minimum d'ouverture.","Programme en plus un petit versement automatique mensuel sur ce placement.","Tu n'es plus quelqu'un qui « devrait s'y mettre » : tu as ouvert, tu as versé. La marche la plus haute, tu viens de la franchir pour de vrai.","À venir","Non","",""
"201","Mois 7","Désinstaller l'appli qui te fait dépenser","Finances","Prospérité","6","20 min aujourd'hui","0 €","Désinstaller pour 30 jours l'appli qui te fait le plus dépenser ET noter chaque envie qu'elle déclenchait.","Promos, notifs et achats en un clic sont conçus pour créer un besoin que tu n'avais pas. Couper la newsletter ne suffit pas : c'est l'appli elle-même qui te happe. La désinstaller 30 jours supprime le déclencheur à la racine, et noter chaque envie te montre à quel point elle te pilotait.","Identifie honnêtement l'appli (boutique, marketplace, livraison) qui vide le plus ton compte. Désinstalle-la aujourd'hui et engage-toi à ne pas la réinstaller avant 30 jours. Sur ces 30 jours, note chaque envie déclenchée par son absence : ce que tu aurais acheté, et si l'envie a tenu.","Déconnecte-toi et masque l'appli dans un dossier verrouillé si la désinstallation est impossible.","Désinstalle les deux applis qui te font le plus dépenser pour 30 jours.","Tu reprends le contrôle de ton attention à la source. Chaque envie notée et non assouvie est une preuve que c'était l'appli qui parlait, pas toi.","À venir","Non","",""
"202","Mois 7","La semaine à petit budget","Aventure","Courage","6","Toute la semaine","budget réduit","Vivre une semaine entière avec un budget alimentaire volontairement serré, plafond bloqué.","Se contraindre volontairement révèle ta vraie débrouillardise et casse la peur du manque. Tu découvres que tu peux bien vivre avec moins, ce qui te rend plus libre face à l'argent. L'expérience se vit en conditions réelles, sur sept jours, pas en théorie.","Fixe un budget courses précis et réduit, et retire-le en espèces (ou bloque-le sur un compte dédié). Planifie tes repas pour ne rien gaspiller et t'y tenir. Quand l'enveloppe est vide, c'est fini : tu finis la semaine avec ce qui reste à la maison.","Limite la contrainte à trois jours.","Réduis le budget d'un tiers par rapport à ta semaine habituelle.","Tu prouves ta capacité à t'adapter sous contrainte. La peur du manque recule.","À venir","Non","",""
"203","Mois 7","Le suivi de chaque euro","Finances","Prospérité","7","10 min/jour pendant 7 jours","0 €","Noter absolument chaque dépense, au centime près, au moment où tu la fais, pendant 7 jours.","Le suivi total est l'outil le plus puissant pour reprendre le contrôle. Voir chaque sortie d'argent rend l'invisible visible et change ton comportement par la seule force de la conscience. Ici l'action est dans la régularité : noter au moment réel de l'achat, chaque jour, sans en oublier une.","Choisis ton support : appli, carnet, note sur le téléphone. Note chaque dépense au moment où tu la fais, sans en oublier une seule, pendant 7 jours. Au jour 7, classe tout et pose une action sur ta plus grosse surprise (blocage, plafond, suppression).","Tiens le suivi total sur 3 jours.","Continue 14 jours et compare la deuxième semaine à la première.","Tu deviens le comptable lucide de ta propre vie. Plus aucune dépense ne t'échappe.","À venir","Non","",""
"204","Mois 7","Le premier remboursement accéléré","Finances","Prospérité","7","40 min","montant choisi","Verser aujourd'hui un remboursement réel sur une dette ou un découvert, en plus de l'échéance normale.","Un plan de remboursement sur papier ne réduit aucune dette. Ce qui la réduit, c'est un versement effectué. Ce défi te fait passer à l'acte : choisir une dette et lui envoyer un paiement supplémentaire dès aujourd'hui, même modeste, pour amorcer une vraie dynamique de sortie.","Identifie la dette ou le découvert que tu veux attaquer en premier (le plus pénible ou le plus cher). Choisis un montant supplémentaire que tu peux verser aujourd'hui sans te mettre en difficulté. Effectue le versement maintenant et note le nouveau solde restant.","Verse une somme symbolique pour enclencher la dynamique et programme le prochain versement.","Mets en place un remboursement automatique majoré chaque mois jusqu'au solde zéro.","Tu transformes une angoisse en montant qui baisse. Chaque euro remboursé est une victoire que tu as posée, pas planifiée.","À venir","Non","",""
"205","Mois 7","La demande osée","Confiance en soi","Courage","7","50 min","0 €","Formuler réellement, à voix haute ou par écrit, ta demande d'augmentation ou de hausse de tarifs aujourd'hui.","Ta plus grosse source de revenu, c'est ton travail. Préparer un argumentaire ne sert à rien si la demande ne sort jamais. Ce défi te pousse à franchir le pas réel : envoyer le mail, demander le rendez-vous, ou annoncer ton nouveau tarif à un client.","Appuie-toi sur tes résultats concrets et les fourchettes de rémunération de ton poste/marché. Fixe le montant précis que tu vas oser demander. Passe à l'acte aujourd'hui : envoie la demande de rendez-vous à ton manager, ou annonce ton nouveau tarif à un client réel.","Envoie le message qui sollicite le rendez-vous, sans encore donner le chiffre.","Tiens la conversation en direct et formule le montant sans le baisser au premier silence.","Tu prends conscience de ta valeur et tu oses la défendre pour de vrai. Quoi que réponde l'autre, tu as déjà gagné en t'affirmant.","À venir","Non","",""
"206","Mois 7","Le premier euro gagné autrement","Expériences nouvelles","Prospérité","7","variable","0 €","Décrocher un accord de principe payant OU livrer un micro-service gratuit à une personne réelle aujourd'hui.","Le premier pas hors de ta source de revenu habituelle est psychologiquement énorme : il prouve que tu peux créer de la valeur par toi-même. Que tu décroches un « oui, je te paierai pour ça » ou que tu livres un service gratuit pour amorcer ta réputation, tu poses un acte réel avec un humain réel — pas une hypothèse.","Reprends l'offre que tu as publiée plus tôt dans le mois. **Soit** obtiens d'une personne réelle un accord de principe payant (verbal ou écrit) pour une première mission. **Soit** livre aujourd'hui un micro-service gratuit, complet, à quelqu'un de réel. Note ce que tu as livré ou décroché, et la suite possible (devis, prochain client, recommandation).","Propose ton service à trois personnes et obtiens au moins une réponse engageante.","Vise un premier client payant et encaisse réellement ton premier euro complémentaire.","Tu prouves que tu peux générer de la valeur par toi-même, avec une vraie personne en face. La croyance limitante se fissure pour de bon.","À venir","Non","",""
"207","Mois 7","Le changement bancaire lancé","Finances","Prospérité","7","45 min","0 €","Engager concrètement la suppression d'un frais bancaire : appel de renégociation OU ouverture d'un compte moins cher.","Les frais bancaires sont une fuite invisible qui s'accumule année après année. Les comparer ne supprime rien ; agir, oui. Ce défi te fait poser un acte réel : soit tu appelles ta banque pour faire sauter ou réduire un frais, soit tu démarres l'ouverture d'une banque moins chère.","Récupère le récapitulatif annuel des frais de ta banque et repère les plus lourds (tenue de compte, carte, incidents). **Soit** appelle ta banque aujourd'hui et demande la suppression/réduction d'un frais. **Soit** lance l'ouverture d'un compte chez une alternative moins chère et reconnue. Note l'économie annuelle visée par ton action.","Appelle pour faire sauter un seul frais précis chez ta banque actuelle.","Va jusqu'au bout du changement avec mandat de mobilité bancaire si une offre est nettement meilleure.","Tu reprends le pouvoir sur une dépense que tu subissais en silence. Une fuite annuelle vient d'être attaquée à la racine.","À venir","Non","",""
"208","Mois 7","Le versement programmé vers ton avenir","Apprentissage","Prospérité","7","45 min","somme choisie","Mettre en place un versement automatique récurrent sur ton placement long terme et faire le premier dépôt aujourd'hui.","Laisser dormir tout son argent, c'est le laisser perdre de la valeur avec l'inflation. Comprendre les bases (diversification, horizon, frais) n'a de sens que si tu agis ensuite. Ce défi clôt la boucle : après avoir ouvert ton placement (J200), tu installes l'automatisme qui le nourrit dans la durée.","Reprends le placement ouvert plus tôt dans le mois (ou ouvre-le si ce n'est pas fait). Fixe un petit montant récurrent réaliste, cohérent avec ton budget. Programme le versement automatique mensuel et effectue le premier dépôt aujourd'hui.","Programme un montant minimal, quitte à l'augmenter plus tard.","Mets en place le versement et choisis consciemment une répartition adaptée à ton horizon de temps.","Tu mets le temps de ton côté, automatiquement. Ton avenir reçoit désormais un versement sans que tu aies à y penser.","À venir","Non","",""
"209","Mois 7","Le grand nettoyage des dépenses fixes","Organisation","Discipline","7","60 min","0 €","Optimiser pour de vrai au moins deux de tes dépenses fixes aujourd'hui (résiliation, changement d'offre, geste obtenu).","Les dépenses fixes pèsent chaque mois sans qu'on les questionne. Les optimiser une fois génère une économie automatique et répétée toute l'année, contrairement aux petites privations ponctuelles. Le défi se valide par deux actions abouties, pas par une liste d'idées.","Liste tes dépenses fixes : loyer, assurances, mutuelle, énergie, télécom. Pour deux d'entre elles, pose l'action aujourd'hui : changer d'offre, résilier, ou obtenir un geste par appel. Note le gain mensuel réel obtenu sur chacune.","Optimise une seule dépense fixe jusqu'au bout.","Optimise trois dépenses fixes dans la journée.","Tu allèges ta charge mensuelle de manière permanente. Effort unique, gain qui dure douze mois.","À venir","Non","",""
"210","Mois 7","L'objectif financier verrouillé","Finances","Prospérité","7","40 min","montant mensuel choisi","Fixer un objectif financier chiffré sur 12 mois ET programmer dès aujourd'hui le virement automatique qui le rendra réel.","Sans objectif, l'épargne reste vague et fragile. Et un objectif sans virement programmé n'est qu'un vœu. Ce défi verrouille les deux : tu chiffres un but qui te motive, et tu installes l'automatisme qui le finance, mois après mois, sans dépendre de ta volonté.","Choisis un objectif qui te motive vraiment (voyage, fonds d'urgence, projet) et chiffre-le. Divise le montant par 12 pour connaître l'effort mensuel. Programme le virement automatique correspondant vers un compte dédié, dès aujourd'hui.","Fixe un objectif sur 6 mois pour un effort mensuel plus léger.","Verrouille deux objectifs (court et long terme) avec leurs deux virements automatiques.","Tu donnes une direction à ton argent et tu la mets sur rails. Chaque euro épargné part désormais vers un but précis, tout seul.","À venir","Non","",""
"211","Mois 7","La dette morale soldée","Relations","Charisme","7","variable","variable","Rembourser ou offrir concrètement, aujourd'hui, une dette morale ou un service rendu que tu n'as jamais réciproqué.","L'argent maîtrisé n'est pas qu'une affaire de comptes : c'est aussi tenir ses liens propres. Une dette morale (un coup de main jamais rendu, un dîner toujours offert par l'autre, un prêt oublié) pèse silencieusement sur une relation. La solder par un geste réel libère le lien et renforce ton intégrité.","Identifie une personne envers qui tu as une dette morale ou matérielle non réciproquée. Choisis ton geste réel : rendre la somme, offrir l'équivalent, ou lui rendre concrètement le service. Passe à l'acte aujourd'hui et dis-lui pourquoi tu le fais.","Commence par un message sincère qui reconnaît la dette et propose une date proche pour la solder.","Solde deux dettes morales différentes dans la même journée.","Tu allèges une relation d'un poids invisible. Tu prouves que tu es quelqu'un qui rend ce qu'il doit — humainement, pas seulement financièrement.","À venir","Non","",""
"212","Mois 7","Le rendez-vous mensuel posé","Finances","Prospérité","7","45 min","0 €","Rassembler ton pilotage en un seul endroit ET poser dans ton agenda un rendez-vous financier mensuel récurrent, dès maintenant.","Un mois de défis ne sert que si tu installes un système qui dure. Le vrai geste de clôture n'est pas de « faire un tableau » : c'est de bloquer dans ton calendrier le rendez-vous récurrent qui te fera revenir chaque mois. Sans ce rappel posé, tout retombe en oubli dès la semaine prochaine.","Rassemble en un seul endroit accessible : patrimoine net, budget, épargne, objectifs, dettes restantes. Choisis un indicateur simple à suivre chaque mois (épargne réalisée, dette restante). Crée maintenant un événement récurrent mensuel dans ton agenda : « Point argent », avec rappel.","Pose le rendez-vous récurrent avec trois indicateurs seulement.","Programme aussi une alerte trimestrielle pour réévaluer tes objectifs et tes contrats.","Tu clôtures le mois avec un rituel qui te ramènera. Tu ne subis plus ton argent : tu as posé le rendez-vous qui le maintient sous ton pilotage toute l'année.","À venir","Non","",""
"213","Mois 8","Le chemin inconnu","Expériences nouvelles","Création","6","30 min","0 €","Te rendre à un endroit familier en empruntant un trajet que tu n'as jamais pris.","Ton cerveau s'endort sur les trajets connus et arrête d'enregistrer le monde. Casser l'itinéraire le réveille et te prouve qu'il y a du neuf à deux rues de chez toi.","1. Choisis une destination que tu rejoins toujours de la même façon (boulot, salle, supérette). 2. Avant de partir, trace volontairement un autre chemin, plus long ou détourné. 3. Marche ou roule en observant ce que tu n'avais jamais remarqué, et arrive vraiment par cette voie neuve.","Modifie seulement la moitié de ton trajet habituel.","Pars sans itinéraire fixe et laisse-toi guider par les rues qui t'attirent.","Tu redécouvres que ton quartier n'est pas épuisé, juste survolé.","À venir","Non","",""
"214","Mois 8","La saveur jamais goûtée","Expériences nouvelles","Création","6","20 min","~3 €","Acheter et goûter un aliment ou un produit que tu n'as jamais essayé de ta vie.","On mange en boucle les mêmes produits. Élargir ta palette, c'est rappeler à ton cerveau que la curiosité paie, même pour trois euros.","1. Au magasin, va dans un rayon que tu ignores toujours (épicerie du monde, fruits exotiques, fromages inconnus). 2. Choisis un produit dont tu ne connais ni le goût ni l'usage. 3. Goûte-le aujourd'hui, vraiment, sans préjugé, et note ce que ça t'évoque.","Choisis une variante inconnue d'un aliment que tu aimes déjà.","Demande au commerçant comment se mange ce produit, puis prépare-le comme il te l'indique.","Tu réapprends le plaisir simple de la première bouchée.","À venir","Non","",""
"215","Mois 8","Le geste utile inconnu","Compétences","Savoir","6","45 min","0 à ~5 €","Réaliser une réparation ou un geste utile que tu n'as jamais su faire (recoudre un bouton, déboucher un siphon, resserrer une charnière) en suivant un tuto, et le finir vraiment.","Dépendre des autres pour un geste simple use ta confiance sans que tu t'en aperçoives. Apprendre un savoir-faire concret et le mener jusqu'au bout te prouve que tu es plus autonome que tu ne le crois.","1. Repère chez toi un petit besoin réel et resté en plan (bouton qui pend, siphon lent, joint, vis desserrée). 2. Cherche un tuto clair (vidéo ou guide écrit) et rassemble le minimum d'outils. 3. Exécute le geste en entier jusqu'au résultat fonctionnel — pas « à moitié », vraiment terminé.","Choisis le geste le plus simple de ta liste et fais-le accompagné d'un tuto pas à pas.","Enchaîne deux réparations différentes dans la même session et range tes outils derrière toi.","Tu ressens la fierté tranquille de celui qui sait se débrouiller seul.","À venir","Non","",""
"216","Mois 8","La playlist d'un autre","Expériences nouvelles","Création","6","30 min","0 €","Écouter en entier un genre musical que tu n'écoutes jamais, sans zapper.","Nos goûts se figent et deviennent une prison confortable. Forcer une oreille neuve élargit ton univers et te rend plus ouvert qu'un algorithme qui te ressert toujours la même chose.","1. Choisis un genre à l'opposé de tes habitudes (jazz, classique, rap, musique du monde, électro). 2. Lance un album ou une playlist reconnue de ce genre. 3. Écoute-la entièrement en cherchant ce qui pourrait te plaire, sans juger d'avance.","Écoute un mini-album ou un EP de ce genre plutôt qu'un disque complet.","Garde ce genre en fond toute la journée et repère le titre qui a accroché.","Tu découvres qu'une porte que tu croyais fermée s'ouvrait facilement.","À venir","Non","",""
"217","Mois 8","Seul en public, sans écran","Sortie de zone de confort","Courage","6","30 min","~3 €","T'installer seul dans un café ou un parc fréquenté et y rester sans téléphone, juste à observer.","Être seul en public sans écran nous gêne plus qu'on ne l'admet. T'y exposer t'apprend à être bien avec toi-même, sans béquille numérique pour combler le vide.","1. Choisis un lieu visible et vivant (café, banc d'une place animée), installe-toi. 2. Range ton téléphone hors de portée pour toute la durée. 3. Observe les gens, écoute, laisse ton esprit vagabonder, présent à l'instant.","Choisis un horaire moins fréquenté pour ta première fois.","Prends un carnet et écris une page d'observations à la place du téléphone.","Tu réalises que ta propre compagnie suffit largement.","À venir","Non","",""
"218","Mois 8","Le plat du bout du monde","Créativité","Création","6","45 min","~6 €","Cuisiner un plat d'une cuisine que tu n'as jamais préparée toi-même.","Reproduire un plat inconnu te sort de tes recettes de survie et te prouve que tu peux apprendre par les mains, pas seulement par l'écran.","1. Choisis un plat d'une cuisine étrangère qui te tente mais que tu n'as jamais cuisiné. 2. Trouve une recette simple et liste les ingrédients qui te manquent. 3. Cuisine-le aujourd'hui ou ce soir, en suivant les étapes sans paniquer sur l'imperfection.","Choisis une version courte ou semi-préparée du plat.","Compose un petit menu de cette cuisine (une entrée + le plat) servi dans l'esprit du pays.","Tu ressens la fierté de celui qui crée au lieu de consommer.","À venir","Non","",""
"219","Mois 8","La question au passant","Social","Charisme","6","10 min","0 €","Demander une information à un inconnu dans la rue alors que tu pourrais l'éviter.","Adresser la parole à un inconnu réveille une petite peur sociale qu'on évite trop souvent. La franchir, même pour une banalité, muscle ton aisance et ta spontanéité.","1. Repère une personne à qui demander quelque chose (l'heure, un chemin, une recommandation). 2. Approche calmement, souris et pose ta question clairement. 3. Remercie sincèrement, peu importe la réponse, et savoure d'avoir osé.","Pose ta question à un commerçant déjà en posture d'aider.","Engage une vraie courte conversation après la question initiale.","Tu sens fondre cette gêne minuscule qui te coûtait plus que tu ne croyais.","À venir","Non","",""
"220","Mois 8","Le quartier exploré","Aventure","Courage","6","1 h","0 €","Explorer à pied un quartier de ta ville où tu ne vas jamais.","On vit dans un périmètre de quelques rues sans le savoir. Marcher ailleurs élargit ta carte mentale et te rappelle que l'aventure commence à portée de tram.","1. Choisis un quartier que tu connais à peine, accessible à pied ou en transport. 2. Marche-y sans but précis, en te laissant happer par ce qui t'attire. 3. Repère un lieu (commerce, place, vue) où tu aimerais revenir et note-le.","Explore une seule rue inconnue à fond plutôt qu'un quartier entier.","Pousse jusqu'à un quartier en périphérie que tu n'as jamais foulé.","Tu sens ta ville s'agrandir alors qu'elle n'a pas changé.","À venir","Non","",""
"221","Mois 8","La discipline du oui","Sortie de zone de confort","Courage","6","Sur la journée","0 €","Dire oui à chaque proposition raisonnable qui surgit aujourd'hui, au lieu de ton réflexe de refus.","On dit non par confort, par flemme, par peur, et on rate des expériences. Une journée de oui mesurés te montre tout ce que ton refus automatique t'enlève.","1. Décide ce matin : aujourd'hui, je dis oui à ce qui est nouveau et sans danger. 2. Quand une invitation, une idée ou une opportunité arrive, accepte avant de raisonner pour fuir. 3. Le soir, note ce que ce oui t'a fait vivre que tu aurais raté.","Applique la règle du oui sur une demi-journée seulement.","Provoque les occasions en demandant aux autres ce qu'ils te proposent.","Tu découvres que tes meilleures journées commencent souvent par un oui que tu allais refuser.","À venir","Non","",""
"222","Mois 8","L'activité jamais tentée","Expériences nouvelles","Création","6","1 h","0 à ~10 €","Pratiquer pour la première fois une activité physique ou manuelle que tu n'as jamais faite.","Être débutant après 18 ans est un muscle qu'on perd. Le réactiver te rend plus humble, plus apprenant et plus vivant qu'un énième scroll.","1. Choisis une activité accessible et inédite pour toi (escalade en salle, poterie, danse, skate, tir à l'arc, yoga). 2. Trouve une séance d'initiation ou un tutoriel sérieux pour démarrer correctement. 3. Pratique-la aujourd'hui, ou réserve un créneau ferme cette semaine et engage-toi par écrit.","Fais une version courte et gratuite de l'activité chez toi.","Inscris-toi à un vrai cours d'essai en présentiel.","Tu ressens l'excitation oubliée d'apprendre un geste totalement neuf.","À venir","Non","",""
"223","Mois 8","Le compliment à un inconnu","Social","Charisme","7","5 min","0 €","Faire un compliment sincère et spontané à une personne que tu ne connais pas.","Offrir gratuitement quelque chose de positif à un inconnu casse ta réserve et te prouve que tu peux créer un instant de chaleur sans rien attendre en retour.","1. Repère un détail authentique que tu apprécies chez quelqu'un (style, geste, énergie, travail). 2. Approche et formule ton compliment simplement, sans en faire trop. 3. Souris, n'attends rien, et continue ton chemin.","Complimente une personne dans un contexte de service (serveur, vendeur).","Complimente quelqu'un puis enchaîne sur une vraie petite conversation.","Tu sens le pouvoir simple de rendre la journée d'un autre meilleure.","À venir","Non","",""
"224","Mois 8","La langue d'ailleurs","Apprentissage","Savoir","6","30 min","0 €","Apprendre quelques phrases utiles dans une langue que tu ne parles pas, et savoir les sortir sans regarder.","Goûter à une langue inconnue ouvre une porte sur une autre façon de penser et te prouve que ton cerveau d'adulte apprend encore très bien quand il s'y met.","1. Choisis une langue qui t'attire et des phrases du quotidien (bonjour, merci, je voudrais, où est, au revoir). 2. Apprends-les avec la bonne prononciation via une appli ou des vidéos fiables. 3. Répète-les à voix haute jusqu'à les dire sans support.","Concentre-toi sur une poignée de phrases bien mémorisées.","Utilise l'une de ces phrases avec un vrai locuteur de cette langue.","Tu ressens le frisson d'avoir un pied dans un autre monde.","À venir","Non","",""
"225","Mois 8","L'aube comme personne","Aventure","Courage","6","1 h","0 €","Te lever pour assister au lever du soleil depuis un endroit choisi, seul ou accompagné.","Voir le jour se lever est une expérience que presque personne ne s'offre. Elle te place dans un état rare de calme et te prouve que tu peux décider de moments forts.","1. Repère ce soir un lieu avec un horizon dégagé et l'heure exacte du lever de soleil. 2. Mets ton réveil en conséquence et prépare tes affaires la veille. 3. Sois sur place avant l'aube et regarde le jour arriver sans téléphone.","Observe le lever depuis ta fenêtre ou ton balcon.","Rejoins un point haut (colline, toit accessible) pour une vue large.","Tu commences ta journée avec l'avance secrète de celui qui a déjà vécu quelque chose de beau.","À venir","Non","",""
"226","Mois 8","Le tarif négocié","Finances","Prospérité","6","20 min","0 € (économies à la clé)","Négocier un prix, une remise ou une condition que tu n'aurais jamais osé demander.","Demander un meilleur tarif met mal à l'aise et c'est précisément pour ça que peu le font. Oser, c'est découvrir que beaucoup de prix sont négociables et que ta gêne te coûtait de l'argent.","1. Choisis une cible réaliste (abonnement, achat, service, facture récurrente). 2. Prépare une demande polie et claire (geste commercial, fidélité, comparaison de prix). 3. Formule la demande aujourd'hui, par téléphone, en personne ou par écrit.","Demande simplement si une réduction ou une option moins chère existe.","Négocie un poste de dépense important (assurance, forfait, une charge du loyer).","Tu réalises que demander ne coûte rien et rapporte parfois gros.","À venir","Non","",""
"227","Mois 8","Le repas dans le noir","Gestion des émotions","Mental","6","30 min","0 €","Manger un repas entier les yeux bandés ou dans le noir total, en pleine attention.","Couper la vue amplifie les autres sens et te force à ralentir. C'est une leçon de présence : tu redécouvres un acte banal comme une expérience entière.","1. Prépare un repas simple et un bandeau, ou une pièce que tu peux plonger dans le noir. 2. Mange lentement, en identifiant textures, saveurs et températures sans voir. 3. Note à la fin ce que tu as ressenti et perçu différemment.","Mange seulement une partie du repas dans le noir.","Demande à quelqu'un de composer ton assiette en surprise.","Tu réapprends que la pleine attention transforme l'ordinaire en expérience.","À venir","Non","",""
"228","Mois 8","La création montrée","Créativité","Création","6","1 h","0 €","Créer quelque chose dans un médium inhabituel pour toi et le montrer à au moins une personne.","Créer sans être expert et oser le partager désamorce le perfectionnisme. Tu apprends que faire et montrer vaut mieux que rêver et cacher.","1. Choisis un médium nouveau pour toi (dessin, poème, courte vidéo, photo travaillée, chanson). 2. Crée une petite œuvre imparfaite mais terminée. 3. Montre-la à une personne et écoute son retour sans te justifier.","Partage ta création en privé à un proche bienveillant.","Publie-la dans un espace plus large (groupe, réseau, communauté).","Tu ressens la libération de celui qui ose exister par sa création.","À venir","Non","",""
"229","Mois 8","Le coup de main donné","Relations","Charisme","6","2 h","0 €","Donner de ton temps pour une cause ou une personne, sans rien attendre en retour.","Sortir de ton propre nombril et te rendre utile à d'autres recharge un sens qu'aucun écran ne donne. C'est une expérience qui change le regard que tu portes sur toi.","1. Identifie une occasion d'aider (association, voisin âgé, distribution, nettoyage, coup de main). 2. Propose ton aide ou inscris-toi pour un créneau concret. 3. Donne-toi pleinement pendant le temps choisi, sans regarder l'heure.","Rends un service concret à une personne de ton entourage qui en a besoin.","Engage-toi sur une action bénévole organisée qui demande un vrai effort.","Tu sens la fierté tranquille d'avoir compté pour quelqu'un d'autre.","À venir","Non","",""
"230","Mois 8","Le lieu social inhabituel","Aventure","Courage","7","4 h","0 à ~5 €","Passer environ 4 h dans un lieu social inhabituel pour toi (lieu de culte, club d'aînés, marché aux puces, salle de jeu, foyer associatif) et en rapporter 3 observations humaines.","On fréquente toujours les mêmes milieux, avec les mêmes codes. Te poser longuement dans un monde social qui n'est pas le tien élargit ta lecture des gens et désamorce les jugements rapides.","1. Choisis un lieu vivant, ouvert au public, où tu n'as pas tes repères, et où ta présence est légitime. 2. Reste-y le temps prévu : observe, écoute, échange si l'occasion vient, sans déranger ni filmer. 3. Repars avec 3 observations humaines précises (un geste, une habitude, une parole qui t'a marqué).","Reste une à deux heures dans ce lieu pour une première immersion.","Engage une vraie conversation avec une personne du lieu et apprends son histoire.","Tu sens ton monde s'élargir au contact d'une vie sociale qui n'est pas la tienne.","À venir","Non","",""
"231","Mois 8","La conversation profonde","Relations","Charisme","6","45 min","0 €","Provoquer avec un proche une conversation qui sort des banalités habituelles.","On parle pour meubler et on rate la vraie rencontre. Oser des questions sincères crée une intimité neuve même avec quelqu'un que tu crois connaître par cœur.","1. Choisis une personne avec qui tu veux une vraie conversation. 2. Prépare des questions profondes (peurs, rêves, regrets, fiertés). 3. Lance la discussion en posant une vraie question et écoute sans interrompre.","Pose une seule question sincère et vois où elle mène.","Tiens la conversation profonde avec quelqu'un que tu connais peu.","Tu ressens la chaleur d'un lien qui vient de gagner en profondeur.","À venir","Non","",""
"232","Mois 8","La fenêtre sur une autre vie","Expériences nouvelles","Création","6","1 h","0 à ~5 €","Vivre un échange réel avec une personne d'une culture ou d'un horizon très différent du tien.","Sortir de ta bulle sociale élargit ta vision du monde plus sûrement que mille articles. Chaque personne très différente de toi est une fenêtre sur une autre vie.","1. Repère une occasion d'échange (événement local, application d'échange linguistique, voisin d'un autre pays). 2. Engage une vraie conversation en posant des questions sur son parcours et sa culture. 3. Écoute avec curiosité et partage aussi un bout de ton monde.","Mène l'échange par message ou appel via une plateforme d'échange culturel.","Provoque une rencontre en présentiel autour d'un café ou d'un repas.","Tu sens ton monde s'élargir au contact d'une vie qui n'est pas la tienne.","À venir","Non","",""
"233","Mois 8","L'activité de groupe d'inconnus","Social","Charisme","7","1 à 2 h","0 à ~15 €","Aller seul à une activité de groupe d'inconnus (cours collectif, soirée jeux, atelier, sport en équipe ouverte) et y interagir vraiment — pas juste être seul en public.","Entrer seul dans un groupe constitué et y prendre part activement est l'un des plus grands inconforts sociaux. Le réussir prouve que tu peux te mêler à des inconnus et créer du lien à partir de rien.","1. Repère une activité de groupe ouverte aux nouveaux (cours collectif, jeu de société, atelier, sport en équipe). 2. Vas-y seul et participe pleinement : prends la parole, joue, coopère — n'observe pas dans ton coin. 3. Échange au moins quelques mots vrais avec deux personnes du groupe avant de partir.","Choisis une activité où l'interaction est cadrée par l'animateur, ce qui facilite l'entrée en contact.","Repars avec un contact ou un rendez-vous concret pour une prochaine fois.","Tu ressens la puissance de pouvoir rejoindre seul n'importe quel groupe et t'y faire une place.","À venir","Non","",""
"234","Mois 8","La scène ouverte","Confiance en soi","Courage","7","Variable","0 €","Te produire ou t'exprimer devant un petit public, même très réduit.","S'exposer au regard d'un groupe est l'une des peurs les plus universelles. La traverser, même à petite échelle, fait sauter un verrou et nourrit ta confiance.","1. Choisis une forme d'expression (chanter, raconter une histoire, présenter une idée, faire un toast). 2. Trouve un public réel, même minuscule (amis, collègues, scène ouverte locale). 3. Passe à l'action aujourd'hui ou planifie un créneau ferme cette semaine.","Présente quelque chose à deux ou trois personnes de confiance.","Inscris-toi à une vraie scène ouverte devant des inconnus.","Tu sens grandir en toi celui qui ose prendre sa place devant les autres.","À venir","Non","",""
"235","Mois 8","La micro-aventure d'un jour","Aventure","Courage","7","Une journée","0 à ~15 €","Partir seul ou à deux pour une micro-aventure improvisée à la journée, hors de ta ville.","S'offrir une vraie aventure sans tout planifier réveille ton goût de l'imprévu et te prouve que l'évasion ne demande ni budget énorme ni semaine de congés.","1. Choisis une destination atteignable à la journée (nature, autre ville, sentier, lac). 2. Pars léger avec un objectif simple (marcher, explorer, te perdre un peu). 3. Laisse la place à l'imprévu et rentre avec un souvenir fort.","Reste dans ta région avec un objectif modeste mais nouveau.","Pars sans plan détaillé et décide sur place de la suite.","Tu retrouves l'ivresse simple de partir à l'aventure quand tu le décides.","À venir","Non","",""
"236","Mois 8","Le froid choisi","Santé","Vitalité","7","15 min","0 €","T'exposer volontairement au froid (douche froide prolongée ou baignade fraîche) en gérant ta respiration.","Choisir l'inconfort du froid t'entraîne à rester calme sous le stress et à dépasser le réflexe d'évitement. C'est une expérience corporelle qui muscle ta volonté.","1. Prépare-toi mentalement et règle ta respiration avant l'exposition. 2. Entre progressivement dans le froid et reste-y en respirant lentement. 3. Sors calmement et observe l'énergie et la clarté qui suivent.","Termine ta douche habituelle par un court passage d'eau froide.","Prolonge l'exposition au froid en gardant le contrôle de ta respiration.","Tu ressens la maîtrise de celui qui choisit l'inconfort au lieu de le subir.","À venir","Non","",""
"237","Mois 8","La rencontre provoquée","Social","Charisme","7","1 h","0 à ~5 €","Aller dans un événement où tu ne connais personne et en repartir avec un nouveau contact.","Entrer seul dans un milieu d'inconnus et oser y nouer un lien prouve que tu peux créer une relation à partir de rien, partout.","1. Repère un événement ouvert (rencontre, atelier, soirée à thème, club, conférence). 2. Vas-y seul et fixe-toi un objectif clair : aborder de vraies personnes. 3. Échange un contact avec quelqu'un avec qui le courant est passé.","Vise une seule vraie conversation lors de l'événement.","Repars avec un contact et un rendez-vous concret déjà calé.","Tu ressens la puissance de pouvoir entrer seul n'importe où et créer du lien.","À venir","Non","",""
"238","Mois 8","La compétence éclair","Apprentissage","Savoir","7","2 h","0 €","Apprendre en une session une compétence concrète et visible que tu ne maîtrisais pas du tout, et la démontrer.","Te prouver que tu peux passer de zéro à « ça marche » en une session détruit la croyance qu'apprendre est trop long. C'est un boost énorme pour ta confiance d'apprenant.","1. Choisis une compétence apprenable vite (un accord de guitare, un nœud, une recette technique, un tour, une astuce de logiciel). 2. Consacre une session concentrée à l'apprendre via tutoriels et répétition. 3. Démontre le résultat à la fin de la session, même imparfait.","Vise une mini-compétence très simple mais bien maîtrisée.","Apprends une compétence que tu pourras présenter à quelqu'un en direct.","Tu réalises que la distance entre « je ne sais pas » et « je sais » est plus courte que tu ne croyais.","À venir","Non","",""
"239","Mois 8","Le projet à plusieurs mains","Productivité","Discipline","7","2 h","0 €","Lancer ou rejoindre un mini-projet collectif où tu dois compter sur d'autres et eux sur toi.","Faire avec d'autres sort du confort du solo et t'apprend à coordonner, déléguer et tenir tes engagements envers un groupe. C'est une expérience qui change ton rapport au collectif.","1. Choisis un mini-projet à réaliser à plusieurs (un défi de groupe, un événement, une création commune). 2. Réunis au moins une autre personne et répartissez clairement les rôles. 3. Avance concrètement aujourd'hui sur une première étape commune.","Collabore avec une seule personne sur une tâche bien définie.","Prends le rôle de coordinateur du groupe et assume-le jusqu'au bout.","Tu ressens l'énergie particulière de construire quelque chose qui n'existerait pas seul.","À venir","Non","",""
"240","Mois 8","La peur regardée en face","Sortie de zone de confort","Courage","7","Variable","0 à ~10 €","Affronter de façon réfléchie une peur précise que tu évites depuis longtemps.","Les peurs évitées grossissent dans l'ombre. Les regarder en face, par étapes maîtrisées, leur reprend le pouvoir qu'elles avaient sur tes choix.","1. Nomme une peur concrète et raisonnable à affronter (hauteur, eau, prise de parole, contact, refus). 2. Définis un premier pas réel et sécurisé pour t'y exposer aujourd'hui. 3. Passe à l'action en restant attentif à ta respiration et à tes sensations.","Fais le plus petit pas possible vers cette peur, même symbolique.","Va jusqu'à une exposition complète, sécurisée, de la situation qui te fait peur.","Tu ressens le pouvoir immense de reprendre la main sur ce qui te limitait.","À venir","Non","",""
"241","Mois 8","La journée sans plan","Expériences nouvelles","Création","7","Une journée","Variable","Vivre une journée entière guidée uniquement par la curiosité et l'envie de l'instant.","Lâcher le contrôle total d'une journée est inconfortable pour qui aime tout maîtriser. Cette liberté t'apprend à faire confiance à l'imprévu et à ton instinct.","1. Garde une journée libre, sans agenda ni plan défini. 2. À chaque instant, suis ce qui t'attire vraiment, dis oui à l'imprévu. 3. Le soir, note les moments les plus marquants de cette journée non planifiée.","Applique le « sans plan » sur une demi-journée seulement.","Inclus une décision spontanée audacieuse dans la journée (un lieu, une rencontre, une activité).","Tu retrouves la légèreté de celui qui se laisse surprendre par sa propre vie.","À venir","Non","",""
"242","Mois 8","Le pas en territoire interdit","Confiance en soi","Courage","7","1 h","0 €","Te lancer dans un domaine où tu crois « ne pas être fait pour ça » et le tenter sérieusement.","Les croyances « ce n'est pas pour moi » t'enferment plus que tes vraies limites. Tester pour de vrai un terrain que tu t'interdis fissure ces étiquettes que tu t'es collées.","1. Identifie un domaine que tu fuis en pensant ne pas en être capable (technique, artistique, sportif, social). 2. Définis une action concrète qui t'y plonge réellement, pas en surface. 3. Tente-la aujourd'hui avec sérieux, même si le résultat est imparfait.","Fais une première incursion modeste mais réelle dans ce domaine.","Engage-toi sur un défi exigeant dans ce domaine et tiens jusqu'au bout.","Tu sens tomber une étiquette qui te bridait sans raison valable.","À venir","Non","",""
"243","Mois 8","Le mois rassemblé","Organisation","Discipline","7","45 min","0 €","Faire le bilan de tes premières fois du mois et choisir d'en ancrer une dans ta vie.","Une nouveauté ne change ta vie que si tu la transformes en habitude. Choisir une expérience marquante à intégrer durablement, c'est faire de ce mois un vrai tournant.","1. Relis tes défis précédents et la liste de tes premières fois. 2. Repère l'expérience qui t'a le plus marqué ou révélé quelque chose. 3. Décide comment l'intégrer durablement (fréquence, déclencheur, première date) et engage-toi par écrit.","Choisis une seule expérience à reproduire, avec une date posée.","Sélectionne plusieurs expériences à ancrer et place-les sur ton agenda.","Tu clôtures le mois avec la conviction d'avoir agrandi ta vie, pas juste rempli des cases.","À venir","Non","",""
"244","Mois 9","Le pari d'une compétence","Compétences","Savoir","6","25 min","0 €","Choisir UNE compétence précise à développer ce mois et la formuler en objectif concret et vérifiable.","« Je veux progresser » ne mène nulle part. Une cible claire, mesurable et bornée dans le temps transforme une envie vague en projet réel que ton cerveau peut suivre — et que les autres pourront constater.","1. Liste 5 compétences que tu aimerais avoir (langue, code, montage, cuisine, prise de parole, dessin…). 2. Garde-en une seule, la plus utile ou la plus excitante pour toi maintenant. 3. Écris l'objectif du mois en une phrase prouvable : « D'ici le jour 273, je serai capable de ______, et je le prouverai par ______. »","Choisis une compétence que tu as déjà effleurée, pour partir avec une base.","Choisis une compétence totalement nouvelle, hors de ta zone de confort, sans aucun acquis préalable.","Tu passes du « un jour peut-être » à « ça commence maintenant ». L'engagement écrit crée déjà une traction.","À venir","Non","",""
"245","Mois 9","La carte de ce que tu ignores","Apprentissage","Savoir","6","30 min","0 €","Décomposer ta compétence cible en sous-compétences précises pour savoir par où mordre en premier.","On abandonne souvent parce qu'une compétence semble être un bloc monolithique. La découper en briques rend chaque morceau attaquable et te montre le chemin entier d'un coup d'œil.","1. Note ta compétence au centre d'une feuille. 2. Liste autour 6 à 10 sous-compétences qui la composent (ex. guitare : accords, rythme, lecture, oreille, transitions…). 3. Entoure les 2 briques qui débloquent le plus de progrès rapide.","Cherche un plan de progression existant et adapte-le à ta sauce.","Classe chaque brique par ordre de dépendance — laquelle débloque toutes les autres.","Le flou se transforme en plan. Tu vois la montagne, mais aussi le sentier qui monte.","À venir","Non","",""
"246","Mois 9","La première séance, mais hors de chez toi","Compétences","Savoir","6","45 min","0 €","Faire ta première vraie séance de pratique **dans un lieu inhabituel**, hors de ton décor habituel.","La théorie endort, la pratique réveille — et un lieu neuf casse le pilote automatique. Pratiquer ailleurs (parc, bibliothèque, local emprunté, café) t'oblige à mobiliser le geste sans tes repères de confort, là où l'apprentissage s'ancre mieux.","1. Choisis un seul micro-objectif et un endroit où tu ne pratiques jamais. 2. Mets ton téléphone en mode avion et travaille le geste concret, pas la lecture autour. 3. À la fin, note ce que le changement de lieu a rendu plus dur — ou plus facile — que prévu.","Pratique dans une autre pièce de chez toi pour commencer le déplacement en douceur.","Choisis un lieu légèrement exposé (un parc, un espace partagé) où d'autres peuvent te voir.","Tu passes le cap du « je devrais m'y mettre » — et tu prouves que ta pratique ne dépend pas d'un décor parfait.","À venir","Non","",""
"247","Mois 9","Voler la technique d'un meilleur que toi","Apprentissage","Savoir","6","40 min","0 €","Analyser en détail comment une personne excellente exécute ta compétence, et en extraire 3 techniques précises. Garde cette référence : tu la réutiliseras au jour 263.","Les débutants imitent le style, les progressifs décortiquent la méthode. Observer activement un expert te fait gagner des semaines de tâtonnement.","1. Trouve une démonstration d'une personne très douée dans ta compétence (vidéo, performance, exemple). 2. Regarde-la deux fois : la première pour l'ensemble, la seconde en notant CE QU'ELLE fait précisément. 3. Écris 3 techniques concrètes à tester dès aujourd'hui, et conserve le lien comme « modèle expert ».","Concentre-toi sur une seule technique à décortiquer.","Trouve deux experts au style opposé et repère ce qu'ils ont malgré tout en commun.","Tu arrêtes d'admirer pour commencer à comprendre. Le talent des autres devient ta matière première.","À venir","Non","",""
"248","Mois 9","Le rendez-vous non négociable","Discipline","Discipline","6","20 min","0 €","Installer un créneau fixe de pratique, à la même heure, accroché à une habitude qui existe déjà.","La régularité bat l'intensité. Un rendez-vous quotidien non négociable transforme la pratique en automatisme, au lieu d'un effort de volonté à renouveler chaque jour.","1. Choisis un horaire précis lié à une habitude existante (après le café, avant le dîner…). 2. Bloque-le dans ton agenda comme un vrai rendez-vous, alarme comprise. 3. Honore ta première séance aujourd'hui, à cet horaire exact.","Démarre par un créneau court pour ancrer l'habitude sans friction.","Engage-toi par écrit, auprès d'une personne, à tenir ce créneau jusqu'au jour 273.","Tu arrêtes de compter sur la motivation. Tu installes un système qui pratique à ta place.","À venir","Non","",""
"249","Mois 9","Reproduire un modèle à l'identique","Compétences","Savoir","6","50 min","0 €","Copier le plus fidèlement possible une œuvre ou un résultat réussi, modèle sous les yeux.","La copie consciente est l'accélérateur d'apprentissage le plus sous-estimé. En reproduisant, tu rencontres tous les choix invisibles que l'auteur a faits — et que tu n'aurais jamais remarqués en spectateur.","1. Choisis un exemple concret et accessible (un plat, un dessin, un morceau, un texte, un bout de code). 2. Reproduis-le étape par étape, modèle visible, sans chercher à innover. 3. Compare ton résultat au modèle et note les 3 plus gros écarts.","Reproduis seulement la moitié du modèle.","Reproduis le détail que tu jugeais « insignifiant » — c'est souvent lui qui fait la différence.","Tu apprends de l'intérieur. Chaque écart repéré est une leçon que tu n'aurais jamais lue dans un livre.","À venir","Non","",""
"250","Mois 9","Le journal d'erreurs","Apprentissage","Savoir","6","25 min","0 €","Créer un carnet où tu notes chaque erreur de pratique et la correction qu'elle t'impose. Tu t'en serviras au jour 261.","Une erreur oubliée se répète, une erreur écrite devient une leçon. Tenir un journal d'erreurs accélère la progression bien plus que collectionner ses réussites.","1. Ouvre une note ou un carnet dédié « Erreurs & corrections ». 2. Repense à tes dernières séances et inscris 3 erreurs récurrentes. 3. Pour chacune, écris la correction concrète à appliquer la prochaine fois.","Note une seule erreur et sa solution.","Relis ce journal avant chaque séance du mois pour ne jamais répéter le même raté deux fois.","Tu transformes la frustration en carburant. Tes échecs deviennent ta feuille de route.","À venir","Non","",""
"251","Mois 9","La pratique délibérée du point faible","Compétences","Savoir","6","40 min","0 €","Travailler exclusivement la sous-compétence où tu es le plus mauvais — pas celle que tu aimes.","On répète ce qu'on maîtrise déjà parce que c'est agréable. Mais le vrai progrès vit dans l'inconfort des points faibles que l'on évite soigneusement.","1. Identifie la sous-compétence qui t'agace ou que tu fuis. 2. Consacre toute la séance à elle seule, en répétant le geste difficile. 3. Mesure un mini-progrès chiffré entre le début et la fin de la séance.","Découpe le point faible en un seul micro-geste à dompter.","Reste sur le geste jusqu'à 3 réussites propres et consécutives.","Tu attaques par là où ça fait peur. Le point faible d'hier devient ta plus grosse marge de progrès.","À venir","Non","",""
"252","Mois 9","Sortir de la théorie : un projet concret","Productivité","Discipline","6","50 min","0 €","Lancer un mini-projet réel qui force à utiliser ta compétence pour de bon, avec un livrable fini.","Un projet avec un objectif final mobilise la compétence dans son vrai contexte, là où les exercices isolés restent abstraits. C'est là que l'apprentissage prend racine.","1. Définis un livrable concret et fini (un plat servi, une page créée, une chanson jouée en entier). 2. Découpe-le en 3 étapes réalisables. 3. Attaque la première étape aujourd'hui, sans attendre d'être « prêt ».","Réduis l'ambition du livrable pour le finir vite.","Annonce à quelqu'un la date de livraison de ton projet — l'engagement public te tiendra.","Tu donnes un but à ta pratique. Apprendre pour produire motive bien plus qu'apprendre pour apprendre.","À venir","Non","",""
"253","Mois 9","Le test à blanc, ta photo de départ","Confiance en soi","Courage","6","30 min","0 €","T'évaluer honnêtement, avec une **preuve enregistrée** (chrono, score, photo), pour figer ton niveau réel à mi-parcours.","Sans mesure, le progrès reste invisible et la motivation s'effrite. Un test à blanc daté te donne une base de comparaison objective — celle que tu retrouveras au jour 270.","1. Reprends ton objectif du jour 244 et conçois un mini-test qui le mesure. 2. Passe le test sans tricher et **garde une trace** (note chiffrée, photo, enregistrement). 3. Archive cette preuve datée : c'est ton « avant ».","Évalue-toi sur une seule sous-compétence.","Fais valider ton test par une personne tierce pour zéro complaisance.","Tu vois noir sur blanc d'où tu pars. La preuve datée rendra ton progrès indiscutable.","À venir","Non","",""
"254","Mois 9","Enseigner pour débusquer tes trous","Apprentissage","Savoir","7","40 min","0 €","Expliquer une partie de ta compétence à voix haute, comme un tuto, pour repérer ce que tu crois savoir mais ne maîtrises pas.","Enseigner révèle impitoyablement tes zones floues. Mettre en mots oblige à clarifier ce qui était confus dans ta tête — et chaque hésitation pointe un trou à combler.","1. Choisis un concept ou un geste appris ce mois-ci. 2. Explique-le à voix haute, en t'enregistrant comme pour un tutoriel. 3. Réécoute-toi et note chaque moment où tu as buté : ce sont tes trous de compréhension.","Explique le concept par écrit en 5 lignes maximum.","Explique-le sans aucune note ni support, d'une seule traite.","Tu découvres que comprendre et savoir expliquer sont deux niveaux — et tu viens de monter d'un cran.","À venir","Non","",""
"255","Mois 9","Demander un retour qui pique","Sortie de zone de confort","Courage","7","30 min","0 €","Montrer ton travail à quelqu'un de compétent et lui demander un retour critique honnête.","Les compliments rassurent mais n'apprennent rien. Un retour critique sollicité volontairement est l'un des accélérateurs de progrès les plus puissants — et les plus inconfortables.","1. Choisis une personne dont l'avis compte et qui sera franche. 2. Montre-lui ton travail et demande explicitement : « Qu'est-ce que j'améliorerais en priorité ? » 3. Écoute sans te justifier, note tout, remercie.","Demande un retour sur un seul aspect précis de ton travail.","Demande à deux personnes différentes et croise leurs critiques.","Tu désamorces ta peur du jugement en allant la chercher toi-même. La critique devient un outil, plus une menace.","À venir","Non","",""
"256","Mois 9","Le matériel imposé","Compétences","Savoir","7","45 min","0 €","Exécuter ta compétence avec un **outil ou un matériel différent** de celui que tu utilises d'habitude.","S'accrocher à son matériel fétiche masque ce qu'on ne maîtrise pas vraiment. Changer d'outil (autre instrument, autre logiciel, autre support, autres ingrédients) force le geste à exister par lui-même, indépendamment de tes béquilles.","1. Identifie l'outil dont tu te crois « dépendant ». 2. Refais un exercice connu avec un matériel emprunté, plus basique ou inhabituel. 3. Note ce qui s'effondre sans ton équipement préféré — c'est exactement là qu'est ta vraie marge de progrès.","Change un seul élément de ton matériel, pas tout.","Réalise ta production complète avec le matériel le plus rudimentaire que tu trouves.","Tu découvres ce qui tient à ta compétence et ce qui tenait à ton matériel. Ton geste gagne en autonomie.","À venir","Non","",""
"257","Mois 9","Apprendre une micro-compétence en cible 20/80","Expériences nouvelles","Création","7","45 min","0 €","Acquérir les bases **utilisables** d'une compétence totalement nouvelle, en ciblant uniquement l'essentiel.","Tu n'as pas besoin de 10 000 heures pour devenir fonctionnel. La plupart des compétences ont 20 % d'essentiel qui donnent 80 % du résultat. Le défi n'est pas d'y passer des heures, c'est de **trouver et isoler ce 20 %**.","1. Choisis une micro-compétence simple et utile (un nœud solide, un raccourci clavier, un accord, une recette). 2. Identifie le seul geste essentiel qui débloque le reste, ignore tout le superflu. 3. Pratique jusqu'à savoir le refaire seul, sans modèle sous les yeux.","Choisis une micro-compétence dont tu connais déjà un bout.","Choisis une compétence dont tu ignores tout, et trouve toi-même quel est son 20 % essentiel.","Tu prouves que tu apprends vite quand tu cibles l'essentiel. L'apprentissage cesse d'être intimidant.","À venir","Non","",""
"258","Mois 9","La pratique sous contrainte","Créativité","Création","7","45 min","0 €","T'imposer une contrainte forte qui te force à mobiliser ta compétence autrement.","La contrainte est le meilleur moteur de créativité et de maîtrise. Privé de tes réflexes habituels, tu découvres des ressources que le confort cachait.","1. Choisis une contrainte radicale (temps limité, un seul moyen autorisé, élément interdit). 2. Réalise une production sous cette contrainte, sans la contourner. 3. Observe quelles solutions inattendues elle t'a forcé à trouver.","Choisis une contrainte légère pour t'échauffer au principe.","Cumule deux contraintes incompatibles et débrouille-toi quand même.","Tu découvres que tes limites étaient des habitudes, pas des murs. Ta créativité s'élargit.","À venir","Non","",""
"259","Mois 9","Le rappel actif","Apprentissage","Savoir","7","30 min","0 €","Tester ta mémoire en restituant de tête tout ce que tu as appris, sans tes notes.","Relire donne l'illusion de savoir. Se forcer à se rappeler sans aide (rappel actif) est la méthode la plus efficace pour ancrer durablement une compétence.","1. Ferme tous tes supports et prends une feuille blanche. 2. Écris tout ce que tu retiens : règles, techniques, étapes, pièges. 3. Compare ensuite avec tes notes et surligne ce que tu avais oublié.","Fais le rappel sur une seule sous-compétence.","Refais ce rappel sans relire entre-temps, deux fois à 48 h d'écart.","Tu sais désormais ce que tu sais vraiment, et ce qui s'efface. Ta mémoire devient un atout maîtrisé.","À venir","Non","",""
"260","Mois 9","Pratiquer sous le regard d'inconnus","Social","Charisme","7","40 min","0 €","Exécuter ta compétence dans un **contexte social ouvert**, là où des inconnus peuvent te voir, te juger ou t'aborder.","Pratiquer seul protège ton ego ; pratiquer sous des regards inconnus le met à nu. Ce changement de contexte élève ton exigence et attire des retours, des conseils, parfois des opportunités inattendues.","1. Choisis un cadre où des inconnus seront présents (un parc, un atelier ouvert, un groupe, un live). 2. Pratique réellement devant eux, sans attendre d'être parfait. 3. Note l'effet du regard sur ton geste, et toute réaction ou conseil reçu.","Pratique dans un lieu public discret, sans chercher l'interaction.","Engage volontairement la conversation avec un inconnu présent sur ce que tu fais.","Tu transformes ta pratique solitaire en moteur social. Le regard des autres devient un allié, pas un frein.","À venir","Non","",""
"261","Mois 9","Refaire ta pire production avec 3 corrections","Compétences","Savoir","7","45 min","0 €","Reprendre ta **pire production du mois** et la refaire en appliquant 3 corrections de ton journal d'erreurs, puis mesurer l'écart.","Un raté qu'on fuit reste un raté ; un raté qu'on reprend devient une preuve de progrès. Affronter ta plus mauvaise pièce, corrections en main, transforme ta honte d'hier en saut visible — et valide que ton journal d'erreurs (jour 250) sert vraiment.","1. Ressors la production dont tu es le moins fier ce mois-ci. 2. Choisis 3 corrections précises dans ton journal d'erreurs et applique-les en la refaisant. 3. Pose l'ancienne et la nouvelle version côte à côte et note l'écart, concrètement.","Applique une seule correction, sur le défaut le plus criant.","Refais-la sans relire l'ancienne version, de mémoire des seules corrections, puis compare les trois.","Tu vois, pièce contre pièce, le chemin parcouru. Ton pire essai devient ton meilleur indicateur de progrès.","À venir","Non","",""
"262","Mois 9","La compétence en terrain totalement nouveau","Compétences","Savoir","7","45 min","0 €","Exécuter ta compétence dans un **contexte ou environnement totalement nouveau** : extérieur, autre matériel, autre personne, autres conditions.","Une compétence qui ne marche que dans ton décor habituel n'est pas une compétence, c'est une routine. La transposer ailleurs prouve qu'elle est vraiment à toi — et révèle ce qui dépendait du contexte, pas de toi.","1. Change au moins deux paramètres d'un coup : le lieu (dehors, ailleurs), le matériel (emprunté, basique) ou la personne (avec ou pour quelqu'un d'autre). 2. Exécute ta compétence dans ces conditions inédites, en t'adaptant sur le moment. 3. Note ce qui a résisté au changement et ce qui s'est effondré.","Change un seul paramètre à la fois pour mesurer son effet isolé.","Empile lieu + matériel + personne nouveaux dans la même séance.","Tu prouves que ta compétence te suit partout. Elle cesse d'être un tour de salon pour devenir un vrai savoir-faire transférable.","À venir","Non","",""
"263","Mois 9","Te filmer et te comparer à l'expert","Compétences","Savoir","7","45 min","0 €","Te filmer en train d'exécuter ta compétence et **comparer image par image** avec le modèle expert repéré au jour 247.","Ton ressenti pendant l'exécution ment ; la caméra, non. Comparer ta vidéo au modèle expert, geste par geste, te montre l'écart exact que ton cerveau te cachait — et c'est l'information la plus précieuse du mois.","1. Filme-toi en exécutant la compétence, sous le même angle que le modèle expert du jour 247. 2. Mets les deux vidéos côte à côte et avance par segments. 3. Note les 3 écarts les plus nets entre ton geste et le sien.","Compare un seul moment-clé de l'exécution.","Refilme-toi aussitôt en corrigeant un écart repéré et vérifie qu'il a bougé.","Tu te vois enfin de l'extérieur. L'écart avec l'expert cesse d'être un sentiment vague : il devient une liste d'actions précises.","À venir","Non","",""
"264","Mois 9","La séance à enjeu réel","Compétences","Savoir","8","45 min","0 €","Exécuter ta compétence dans une situation où **quelque chose est réellement en jeu** : une conséquence concrète si tu rates.","Le progrès vit à la frontière du risque, pas de la fatigue. Mettre un enjeu réel — un résultat attendu, une personne qui compte dessus, une mise — change la nature de l'effort : ton attention monte d'un cran qu'aucune séance « pour rien » n'atteint jamais.","1. Crée un enjeu véritable : produire pour quelqu'un qui attend le résultat, tenir une promesse datée, miser une petite contrepartie. 2. Exécute ta compétence avec cet enjeu sur les épaules, sans repli. 3. Note comment l'enjeu a changé ta concentration et ton niveau par rapport à l'entraînement à vide.","Choisis un enjeu modeste et un témoin bienveillant.","Augmente l'enjeu : un destinataire exigeant, un délai serré, zéro seconde chance.","Tu découvres que ta limite était une question de pression, pas de capacité. L'enjeu devient ton meilleur entraîneur.","À venir","Non","",""
"265","Mois 9","Combiner deux compétences","Créativité","Création","8","50 min","0 €","Croiser ta compétence du mois avec une autre que tu possèdes déjà, pour créer quelque chose d'unique.","La vraie singularité naît à l'intersection. Croiser deux savoir-faire produit des résultats que personne d'autre n'aurait combinés exactement comme toi.","1. Liste une compétence ou un centre d'intérêt que tu maîtrises déjà. 2. Imagine un projet qui exige les deux compétences en même temps. 3. Réalise une première version de ce projet hybride aujourd'hui.","Imagine simplement 3 idées de croisements possibles.","Pousse le projet hybride jusqu'à un livrable montrable et montre-le à quelqu'un.","Tu cesses la compétition frontale pour créer ton propre terrain. Ta combinaison devient ta signature.","À venir","Non","",""
"266","Mois 9","Performer en public, en direct","Confiance en soi","Courage","8","40 min","0 €","Exécuter ta compétence **en direct devant un vrai public**, sans montage, sans seconde prise possible.","Savoir faire à l'entraînement ne suffit pas : le direct, sans filet ni retouche, révèle si la compétence tient le choc. Performer en live construit une confiance que rien ne remplace — et c'est l'environnement, pas la durée, qui crée la difficulté.","1. Choisis un cadre en direct : jouer/présenter/réaliser devant des gens, ou en live diffusé. 2. Prépare-toi, puis exécute d'un trait, sans t'arrêter ni recommencer. 3. Note ce que le direct a changé par rapport à ta pratique au calme.","Choisis un public restreint et acquis à ta cause.","Performe devant un public neutre ou inconnu, sans avertir que tu débutes.","Tu prouves que ta compétence existe ailleurs que dans le confort de ta chambre. Le direct devient un révélateur, pas un ennemi.","À venir","Non","",""
"267","Mois 9","Tenter une technique au-dessus de toi","Apprentissage","Savoir","8","50 min","0 €","Attaquer une technique avancée, réputée difficile, bien au-dessus de ton niveau actuel.","Viser plus haut que son niveau étire la zone de progrès. Même sans y arriver du premier coup, tenter le difficile tire tout le reste vers le haut.","1. Repère une technique réputée difficile dans ta compétence. 2. Décortique-la en micro-étapes et travaille-la sérieusement. 3. Mesure ton meilleur essai du jour, même imparfait, et note la micro-étape qui bloque encore.","Vise une technique intermédiaire plutôt qu'avancée.","Persévère jusqu'à une première réussite, même approximative.","Tu refuses le plafond que tu t'étais fixé. L'ambition technique redéfinit ce que tu crois possible.","À venir","Non","",""
"268","Mois 9","Rendre ta compétence utile à quelqu'un","Finances","Prospérité","8","45 min","0 €","Formaliser comment ta compétence peut rendre service à quelqu'un, et la proposer pour de vrai à au moins une personne.","Une compétence prend une autre dimension quand elle sert quelqu'un d'autre. Penser « utilité » t'oblige à un niveau de qualité que la pratique solitaire n'exige jamais — et te confronte à ta valeur réelle.","1. Liste 3 personnes ou situations à qui ta compétence pourrait être utile. 2. Rédige une mini-offre claire : ce que tu proposes, pour qui, en quoi ça aide. 3. Propose-la réellement à au moins une personne, en échange de service ou à titre gratuit pour démarrer.","Rédige l'offre et identifie la personne, sans la proposer encore.","Décroche un premier « oui » concret, même pour un service gratuit.","Tu passes de « j'apprends pour moi » à « je crée de la valeur ». Ta compétence devient une force concrète dans le monde réel.","À venir","Non","",""
"269","Mois 9","La séance les yeux fermés","Compétences","Savoir","8","40 min","0 €","Exécuter un geste maîtrisé en **te privant d'un sens ou d'un appui** : yeux fermés, sans regarder tes mains, sans le repère habituel.","Tant que tu dépends de la vue ou d'un repère, le geste n'est pas vraiment dans ton corps. Le priver de sa béquille sensorielle force la mémoire profonde du mouvement à prendre le relais — c'est le test ultime d'automatisation, sans jamais ajouter une seule répétition de plus.","1. Choisis un geste que tu crois déjà maîtriser. 2. Refais-le en supprimant un appui : yeux fermés, sans regarder le résultat, ou sans le guide habituel. 3. Compare la qualité avec et sans cette béquille, et note l'écart.","Supprime l'appui sur une portion seulement du geste.","Enchaîne plusieurs gestes d'affilée sans jamais rétablir l'appui.","Tu sens le geste devenir un réflexe logé dans ton corps, plus dans tes yeux. La fluidité change de nature.","À venir","Non","",""
"270","Mois 9","Le test final grandeur nature","Compétences","Savoir","8","60 min","0 €","Réaliser l'objectif fixé au jour 244, en conditions réelles, et le comparer à ta preuve de départ du jour 253.","Tout le mois a préparé ce moment. Exécuter ton objectif initial en vrai, c'est la preuve ultime que la compétence est passée de la théorie à tes mains — et la confrontation au « avant » du jour 253 rend ton progrès chiffré, indiscutable.","1. Relis l'objectif écrit le jour 244 et ressors ta preuve de départ du jour 253. 2. Mets-toi en conditions réelles et exécute-le entièrement. 3. Documente le résultat (photo, enregistrement, témoin) et mesure l'écart avec ton « avant ».","Réalise une version simplifiée de l'objectif initial.","Exécute l'objectif dans un environnement plus exigeant que prévu, devant témoin.","Tu tiens dans tes mains la preuve concrète d'une compétence que tu n'avais pas il y a un mois. Fierté pure.","À venir","Non","",""
"271","Mois 9","Documenter ta méthode","Organisation","Discipline","8","50 min","0 €","Écrire le mode d'emploi de TA méthode d'apprentissage, réutilisable sur n'importe quelle compétence future.","La méta-compétence la plus précieuse, c'est savoir apprendre. Formaliser ta propre méthode te permet de l'appliquer à toutes les compétences futures, à vie.","1. Repense à ce qui a le mieux marché ce mois-ci (pratique en terrain neuf, retours, vidéo-comparaison, enjeu réel). 2. Écris ta méthode en 5 à 7 étapes, comme une recette réutilisable. 3. Teste-la mentalement sur une compétence que tu voudras acquérir un jour.","Note simplement tes 3 leviers d'apprentissage les plus efficaces.","Rédige un vrai guide partageable et publie-le.","Tu repars avec un super-pouvoir : savoir apprendre n'importe quoi. Ce mois t'a donné bien plus qu'une compétence.","À venir","Non","",""
"272","Mois 9","Transmettre en vrai, à une vraie personne","Relations","Charisme","8","50 min","0 €","Faire réussir une première chose concrète à quelqu'un qui veut apprendre ta compétence, sur une vraie session interactive.","Là où le jour 254 te faisait t'enregistrer seul, ici une personne dépend de toi, te pose des questions, bloque là où tu n'attendais pas. T'adapter en direct à son besoin te pousse au plus haut niveau de maîtrise — et crée du lien.","1. Trouve une personne réellement intéressée par ta compétence. 2. Fixe un objectif clair et atteignable pour elle, pas pour toi. 3. Anime la session en t'adaptant à ses blocages, et aide-la à réussir une première chose concrète.","Transmets une seule technique simple à un proche bienveillant.","Aide une personne sceptique ou difficile à obtenir sa première vraie réussite.","Tu boucles la boucle : ce que tu ne savais pas il y a un mois, tu le transmets aujourd'hui. La plus belle preuve de maîtrise.","À venir","Non","",""
"273","Mois 9","Le plan des 90 prochains jours","Compétences","Savoir","8","45 min","0 €","Tracer le plan pour continuer à développer cette compétence (ou la suivante) après le mois.","Un mois pose des fondations ; les 90 jours suivants construisent la maîtrise. Sans plan de suite, l'élan retombe et la compétence s'efface.","1. Décide : tu approfondis cette compétence ou tu en lances une nouvelle ? 2. Fixe un objectif à 90 jours et 3 jalons mensuels. 3. Bloque dès maintenant ton créneau de pratique régulier dans ton agenda.","Fixe juste le prochain objectif et le premier pas de demain.","Construis un plan complet à 90 jours avec des indicateurs de suivi mesurables.","Tu clôtures le mois en bâtisseur, pas en touriste. La compétence devient un chantier qui continue, par choix et non par hasard.","À venir","Non","",""
"274","Mois 10","Le premier pas devant","Sortie de zone de confort","Charisme","7","15 min","0 €","Être la première personne à proposer ET enclencher une action dans un groupe aujourd'hui, devant tout le monde.","Le leadership commence par oser parler en premier quand le silence s'installe. Tu brises ta peur de passer pour celui qui se met en avant, et tu transformes l'idée en mouvement.","Repère un moment où un groupe hésite (au travail, entre amis, en réunion). Lance à voix haute la première proposition concrète : « On fait X, je m'en occupe. » Enclenche le premier geste devant eux pour que ça démarre vraiment.","Propose et amorce dans un petit groupe de 3 personnes.","Fais-le dans un groupe où personne ne te connaît comme moteur.","La fierté de ne plus jamais rester en retrait par défaut.","À venir","Non","",""
"275","Mois 10","Le coup de projecteur public","Social","Charisme","7","10 min","0 €","Reconnaître la contribution précise d'une personne devant un groupe d'au moins 4 personnes, à voix haute.","Un leader sait mettre en lumière les autres en public. Valoriser sincèrement devant témoins renforce ton autorité naturelle et ta capacité à fédérer.","Identifie quelqu'un dont le travail mérite d'être nommé. Décris précisément ce qu'il a fait et l'impact que ça a eu. Dis-le devant le groupe, en regardant la personne dans les yeux.","Fais-le devant 4 personnes familières.","Fais-le dans une réunion ou un cadre formel devant des inconnus.","Le sentiment de générer de la confiance et de la loyauté autour de toi.","À venir","Non","",""
"276","Mois 10","Décide et annonce","Discipline","Discipline","7","10 min","0 €","Trancher une décision que tu repousses depuis des jours, puis l'annoncer à voix haute à au moins une personne concernée.","Diriger, c'est décider même dans l'incertitude et l'assumer devant quelqu'un. L'indécision te paralyse plus que les mauvais choix, et l'annonce rend ton choix irréversible.","Liste une décision en suspens à enjeu réel. Choisis l'option qui te rapproche de ton objectif en moins d'une minute. Annonce ta décision à voix haute à quelqu'un et engage le premier acte concret aujourd'hui.","Annonce ta décision à une personne de confiance.","Annonce-la à quelqu'un que ce choix dérange, et tiens-la.","Le soulagement de sortir de la paralysie et de t'engager pour de vrai.","À venir","Non","",""
"277","Mois 10","La conversation que tu évites","Relations","Charisme","8","20 min","0 €","Avoir une conversation difficile que tu repousses, pour dire à quelqu'un un point qui doit changer dans la relation ou le travail.","Un leader ne laisse pas pourrir les non-dits. Oser la conversation que tout le monde évite est ce qui distingue celui qui porte de celui qui subit.","Choisis la conversation que tu repousses depuis le plus longtemps. Dis le point qui doit changer en restant factuel : décris le comportement et son impact, jamais le caractère. Termine par ce que tu proposes concrètement pour la suite.","Choisis une conversation à faible enjeu relationnel pour t'échauffer.","Aie la conversation avec quelqu'un de plus expérimenté ou en position d'autorité.","La libération de ne plus porter un non-dit qui pèse.","À venir","Non","",""
"278","Mois 10","Lance le projet de ta vision","Sortie de zone de confort","Courage","8","30 min","0 €","Transformer une direction que tu as en tête en premier acte public : annoncer un projet et poser sa première étape devant témoin aujourd'hui.","On ne suit pas quelqu'un qui ne fait que parler de sa vision. Tu passes de l'intention à l'acte visible : tu enclenches, et les autres le constatent.","Choisis une direction qui te tient à cœur (projet, cap, changement). Annonce-la clairement à au moins une personne : « Voilà où je vais, et je commence par ça. » Fais aujourd'hui même le premier geste concret qui la met en route.","Annonce et amorce un projet déjà existant que tu relances.","Annonce ta direction à quelqu'un qui pourra te demander des comptes ensuite.","L'énergie de voir une idée devenir un mouvement réel.","À venir","Non","",""
"279","Mois 10","Fais parler celui qui se tait","Social","Charisme","7","15 min","0 €","Dans un échange de groupe, donner activement la parole à la personne la plus silencieuse et faire émerger son avis.","Les meilleurs leaders ne monopolisent pas : ils font émerger la valeur des autres. Inclure celui qu'on n'écoute jamais crée de la loyauté et révèle ce qui se dit pas.","Repère, dans un groupe, qui ne prend jamais la parole. Adresse-lui une question directe et ouverte : « Toi, tu en penses quoi ? » Protège son temps de parole, relance par « Dis-m'en plus », ne le coupe pas.","Fais-le dans un groupe de 3 personnes.","Fais-le dans un groupe où quelqu'un de dominant a tendance à tout occuper.","La satisfaction de donner du poids à quelqu'un qui n'en prenait pas.","À venir","Non","",""
"280","Mois 10","Prends la responsabilité d'un raté","Confiance en soi","Courage","7","10 min","0 €","Assumer ouvertement une erreur devant la personne concernée, sans excuse ni coupable, et annoncer ta correction.","Reconnaître ses torts en face est un signe de force, pas de faiblesse. C'est ce qui distingue les vrais leaders des suiveurs.","Identifie une erreur récente que tu as commise. Va voir la personne concernée : « J'ai fait une erreur sur X. » Propose une solution concrète et engage-toi sur une date.","Assume une erreur du quotidien à enjeu modéré.","Assume une erreur devant un groupe ou devant ton supérieur.","La libération de ne plus porter une culpabilité cachée.","À venir","Non","",""
"281","Mois 10","Fédère un groupe autour de toi","Organisation","Charisme","7","30 min","0 €","Prendre l'initiative de réunir plusieurs personnes autour d'une activité que tu pilotes de bout en bout.","Fédérer un groupe t'apprend à coordonner, motiver et gérer la logistique humaine. Tu deviens le point de ralliement, pas un participant de plus.","Choisis une activité (resto, sport, jeu, balade) et désigne-toi organisateur. Propose une date, un lieu et une heure précis, ne laisse rien flotter. Relance personnellement les indécis et confirme la veille.","Réunis un petit cercle déjà partant.","Réunis des gens qui ne se connaissent pas entre eux et gère la logistique.","La fierté de faire bouger les choses au lieu d'attendre.","À venir","Non","",""
"282","Mois 10","Le « non » assumé en face","Discipline","Courage","7","5 min","0 €","Refuser en face une demande qui ne sert pas tes priorités, sans te justifier longuement ni te rétracter.","Un leader protège son énergie et ses objectifs. Savoir dire non, et tenir, est la base de toute autorité sur ta propre vie.","Repère une sollicitation qui te détourne de l'essentiel. Réponds clairement : « Non, je ne peux pas m'en charger. » Ne sur-explique pas et ne reviens pas dessus, même sous la pression.","Dis non à une demande sans gros enjeu relationnel.","Dis non à quelqu'un à qui tu as l'habitude de céder.","Le respect de soi qui vient d'honorer ses priorités.","À venir","Non","",""
"283","Mois 10","Branche-toi sur un leader réel","Social","Charisme","8","30 min","0 €","Contacter directement un leader réel (mail, message, appel) pour obtenir 10 minutes de questions, et appliquer 1 de ses conseils le jour même.","Les leaders créent leurs opportunités en osant le contact direct. Tu transformes l'admiration passive en accès réel, et tu prouves que tu sais agir vite sur ce que tu reçois.","Choisis un leader accessible (entrepreneur, responsable, figure de ton domaine) et écris-lui un message court et précis demandant 10 minutes. Pose 3 questions concrètes sur sa façon de décider et d'entraîner les autres. Choisis 1 conseil reçu et applique-le dans une action réelle aujourd'hui même.","Contacte un leader de ton entourage proche et applique son conseil dans la journée.","Contacte quelqu'un qui t'intimide vraiment et obtiens un échange en direct.","L'audace de te sentir légitime à parler à ceux que tu admires.","À venir","Non","",""
"284","Mois 10","Prends la parole en public","Confiance en soi","Charisme","7","10 min","0 €","T'exprimer debout devant un groupe d'au moins 5 personnes sur un sujet qui te tient à cœur.","La capacité à parler en public est un multiplicateur d'influence. Chaque prise de parole exposée muscle ton assurance.","Trouve une occasion (réunion, repas, groupe, atelier). Prépare 3 points clés que tu veux faire passer. Lève-toi, parle lentement, regarde les gens, conclus net.","Exprime ton point assis dans un groupe familier de 5 personnes.","Improvise une intervention de 2 minutes sans préparation.","L'adrénaline transformée en fierté d'avoir osé.","À venir","Non","",""
"285","Mois 10","Délègue une vraie responsabilité","Productivité","Discipline","7","15 min","0 €","Confier à quelqu'un une tâche qui compte vraiment pour toi, et résister à l'envie de reprendre la main.","Un leader ne fait pas tout seul. Déléguer ce qui te tient à cœur libère ton temps et responsabilise les autres : c'est un vrai lâcher-prise.","Identifie une tâche importante que tu gardes par réflexe de contrôle. Confie-la en expliquant le résultat attendu, pas la méthode exacte. Laisse la personne faire à sa manière et ne reprends pas la main.","Délègue une tâche moyennement importante.","Délègue quelque chose à fort enjeu et tiens-toi à l'écart jusqu'au bout.","Le lâcher-prise qui remplace le besoin de tout maîtriser.","À venir","Non","",""
"286","Mois 10","Désamorce un conflit","Gestion des émotions","Mental","7","20 min","0 €","Jouer le rôle de médiateur et ramener le dialogue dans une tension réelle.","Garder son calme et rétablir le dialogue dans la tension est une marque de maturité et de leadership.","Repère une tension (entre toi et quelqu'un, ou entre deux autres). Reformule le point de vue de chacun sans juger. Cherche un terrain d'entente concret, même petit, et fais-le acter.","Apaise un désaccord léger dans une conversation.","Interviens dans un conflit où tu n'es pas directement impliqué.","Le calme intérieur de celui qui ne se laisse pas emporter.","À venir","Non","",""
"287","Mois 10","Entraîne quelqu'un à ta discipline","Santé","Discipline","7","20 min","0 €","Embarquer une personne dans un engagement de discipline avec toi aujourd'hui (lever, mouvement, intention) et tenir l'exemple.","On ne peut entraîner les autres sans se diriger soi-même, mais le vrai test est de faire tenir quelqu'un à côté de toi. La maîtrise devient contagieuse.","Choisis un engagement concret (réveil, mouvement, intention du jour) et propose à quelqu'un de le tenir avec toi. Fixe le cadre clairement et donne l'exemple en premier, sans flancher. Vérifie ensemble en fin de journée que vous avez tenu, et nomme l'effort.","Entraîne la personne sur un seul engagement simple.","Tiens-le sur un engagement exigeant et porte la motivation de l'autre quand il faiblit.","La sensation de mener par l'exemple, pas par le discours.","À venir","Non","",""
"288","Mois 10","Demande un retour qui pique","Confiance en soi","Courage","7","15 min","0 €","Demander à une personne qui te connaît bien le seul défaut qu'elle hésiterait à te dire en face, et l'écouter sans te défendre.","Les leaders cherchent activement la critique qui dérange. Aller chercher la vérité qu'on te cache par politesse demande un vrai courage.","Choisis quelqu'un qui te connaît bien et te ménage. Demande : « Quelle est la chose que tu n'oses pas me dire et qui m'aiderait à progresser ? » Écoute jusqu'au bout sans te justifier, remercie, note la réponse.","Pose la question à une personne très proche et bienveillante.","Pose-la à quelqu'un avec qui la relation est tendue.","La maturité de pouvoir entendre la vérité sans s'effondrer.","À venir","Non","",""
"289","Mois 10","Remets quelqu'un en mouvement","Relations","Charisme","7","20 min","0 €","Accompagner une personne découragée jusqu'à ce qu'elle fasse, devant toi, le premier pas concret.","Inspirer les autres dans leurs moments bas est l'essence du leadership. Tu ne te contentes pas d'encourager : tu remets quelqu'un en mouvement.","Repère quelqu'un bloqué par le doute ou la démotivation. Rappelle-lui une de ses forces ou une réussite passée. Aide-le à choisir le prochain petit pas et reste jusqu'à ce qu'il le fasse.","Accompagne la personne jusqu'à ce qu'elle s'engage sur une date précise.","Reste à ses côtés pendant qu'elle franchit son premier pas le plus dur.","La fierté d'avoir un impact positif réel et visible sur quelqu'un.","À venir","Non","",""
"290","Mois 10","Anime une réunion vers une décision","Productivité","Charisme","7","15 min","0 €","Animer un échange de groupe avec un objectif annoncé et le conduire jusqu'à une décision claire en sortie.","Conduire une discussion vers un résultat concret est une compétence de leader rare et recherchée. Tu mènes le groupe au lieu de le laisser tourner en rond.","Choisis un sujet à régler avec au moins deux autres personnes. Annonce l'objectif et la durée au début, et tiens le cap. Termine par une décision claire et un « qui fait quoi ».","Anime un échange à deux vers une décision.","Anime un groupe en désaccord et fais émerger une décision tenue par tous.","Le plaisir d'une conversation qui aboutit vraiment.","À venir","Non","",""
"291","Mois 10","Défends une position impopulaire","Sortie de zone de confort","Courage","7","15 min","0 €","Exprimer calmement, devant les concernés, une opinion que tu sais minoritaire, et tenir le fond.","Le leadership exige parfois d'aller à contre-courant. Tenir ta position sous pression forge ton intégrité.","Identifie un sujet où ton avis diffère de la majorité. Exprime-le avec des arguments, sans agressivité. Reste ferme sur le fond, ouvert sur la forme, même si on insiste.","Exprime ton désaccord dans un cadre bienveillant.","Défends ta position face à plusieurs personnes en désaccord.","La force de rester fidèle à toi-même sous le regard des autres.","À venir","Non","",""
"292","Mois 10","Le mentor d'un jour","Apprentissage","Mental","7","30 min","0 €","Transmettre en direct une compétence à quelqu'un qui en a besoin, jusqu'à ce qu'il sache la refaire seul.","Enseigner ancre ton expertise et te place en posture de référent. Donner, c'est diriger par la valeur.","Identifie quelque chose que tu maîtrises et qu'un proche aimerait apprendre. Propose-lui une mini-session de transmission en direct. Montre, fais faire, corrige avec patience jusqu'à l'autonomie.","Transmets une compétence simple en une seule session.","Mentore quelqu'un sur un vrai sujet exigeant pour lui.","La satisfaction profonde de faire grandir quelqu'un.","À venir","Non","",""
"293","Mois 10","Prends une décision pour le groupe","Discipline","Courage","8","15 min","0 €","Trancher une indécision collective en prenant publiquement la responsabilité du choix.","Quand un groupe tourne en rond, le leader assume le choix que personne ne veut faire. Tu apprends à porter le poids de la décision devant tous.","Repère un moment où un groupe n'arrive pas à se décider. Propose : « OK, on fait X, je prends la responsabilité. » Assume le résultat, bon ou mauvais, sans rejeter la faute.","Tranche dans un groupe d'amis sur un choix à enjeu modéré.","Tranche sur un sujet à fort enjeu et défends ton choix face aux objections.","Le sentiment d'épaules solides qui portent le collectif.","À venir","Non","",""
"294","Mois 10","Crée et porte un projet","Créativité","Charisme","8","40 min","0 €","Lancer un projet concret en recrutant au moins une personne avec un rôle clair pour t'aider.","Initier un projet ET embarquer quelqu'un, c'est l'acte de leadership le plus complet : direction plus mobilisation.","Choisis un projet qui te tient à cœur (perso, asso, créatif). Définis la première étape réalisable cette semaine. Convaincs une personne de t'accompagner avec un rôle précis.","Lance un mini-projet et recrute une personne sur une tâche simple.","Recrute plusieurs personnes et répartis les responsabilités.","L'excitation de transformer une idée en mouvement réel.","À venir","Non","",""
"295","Mois 10","Le discours de 2 minutes","Confiance en soi","Charisme","8","25 min","0 €","Préparer et délivrer un court discours, debout et sans notes, qui motive ou rassemble un groupe réel.","Savoir galvaniser par les mots est un pouvoir rare. Tu transformes ta voix en outil d'entraînement collectif.","Choisis un message qui compte (remerciement, cap à donner, célébration). Structure-le : une accroche, un message, un appel à l'action. Délivre-le debout, regard franc, sans lire tes notes.","Délivre le discours à un petit groupe familier.","Délivre-le devant un groupe peu connu de toi.","L'énergie de sentir que tes mots ont touché les autres.","À venir","Non","",""
"296","Mois 10","Gère une crise en temps réel","Gestion des émotions","Mental","8","20 min","0 €","Prendre le lead sur un imprévu impliquant d'autres personnes, garder ton calme et imposer un premier plan.","C'est dans la tempête qu'on reconnaît un leader. Rester lucide et reprendre la main quand les autres paniquent fait toute la différence.","Dès qu'un problème surgit, prends 3 respirations avant de réagir. Décris la situation en faits aux personnes présentes, sans dramatiser. Annonce un premier pas concret et répartis qui fait quoi.","Prends le lead sur un contretemps impliquant une seule autre personne.","Prends le lead sur une situation vraiment stressante avec plusieurs personnes.","La confiance d'être solide quand tout vacille.","À venir","Non","",""
"297","Mois 10","Inspire par l'exemple physique","Sport","Vitalité","8","30 min","0 €","Entraîner quelqu'un dans une séance de sport que tu mènes, et ne laisser personne lâcher avant la fin.","Le leadership se prouve par l'action visible. Quand tu montres l'exemple corporel et que tu tiens l'autre, ta parole gagne en poids.","Propose à quelqu'un une activité physique commune que tu diriges. Donne le rythme, encourage, ne laisse personne abandonner. Termine la séance ensemble et célèbre l'effort.","Mène une marche ou un footing accompagné.","Mène un petit groupe sur une séance intense.","La fierté d'être un moteur d'énergie pour les autres.","À venir","Non","",""
"298","Mois 10","Aborde un inconnu influent","Sortie de zone de confort","Courage","8","15 min","0 €","Engager en face à face la conversation avec une personne influente qui t'intimide, et lui demander un conseil concret.","Les leaders créent leurs opportunités en osant le contact direct. Tu brises la barrière du « il est trop loin de moi ».","Repère une personne inspirante (événement, réseau, lieu pro). Approche en face avec une question ou un compliment sincère et précis. Engage un vrai échange, demande un conseil et propose de rester en contact.","Aborde quelqu'un d'influent mais dans un cadre détendu.","Aborde une personne que tu n'aurais jamais cru oser approcher.","L'audace de te sentir légitime parmi ceux que tu admires.","À venir","Non","",""
"299","Mois 10","Le bilan d'équipe orienté action","Organisation","Charisme","8","25 min","0 €","Animer un point de bilan honnête avec un groupe et le faire repartir avec des actions validées, pas juste des constats.","Faire le point collectivement et orienter la suite est un acte central de pilotage. Tu apprends à diriger sans imposer.","Réunis ton groupe (amis, projet, colocs, équipe). Pose 3 questions : ce qui va, ce qui bloque, ce qu'on change. Synthétise et fais valider une ou deux actions concrètes avec un responsable.","Anime le bilan d'un petit groupe aligné.","Anime le bilan d'un groupe en désaccord et fais émerger un consensus tenu.","La maîtrise de transformer le flou collectif en direction claire.","À venir","Non","",""
"300","Mois 10","Sors quelqu'un de sa zone de confort","Aventure","Courage","8","40 min","0 €","Entraîner une personne à oser quelque chose qu'elle n'aurait pas fait seule.","Le vrai leader élève les autres au-delà de leurs limites. Tu apprends à pousser sans forcer, à inspirer le courage.","Repère une peur ou un blocage chez un proche. Propose-lui un petit défi accompagné, adapté à lui. Sois présent pendant, encourage, célèbre après.","Encourage la personne à un petit pas hors de sa zone.","Accompagne-la sur un défi qui te sort aussi de ta zone.","La joie d'avoir débloqué le courage de quelqu'un d'autre.","À venir","Non","",""
"301","Mois 10","Pose une limite à un supérieur","Relations","Courage","8","15 min","0 €","Exprimer en direct, calmement, une limite ou un désaccord à une personne en position d'autorité.","Le leadership n'est pas réservé à ceux qui sont « au-dessus ». Oser cadrer vers le haut prouve ta colonne vertébrale.","Identifie une situation où une limite n'est pas respectée (charge, ton, délai). Prépare une formulation factuelle et respectueuse. Exprime ta limite en direct et propose une solution constructive.","Pose la limite à l'oral dans un moment calme et choisi.","Exprime-la face à la pression, sans reculer.","Le respect de soi de celui qui ne se laisse plus marcher dessus.","À venir","Non","",""
"302","Mois 10","Pilote l'argent d'un collectif","Finances","Discipline","8","30 min","0 €","Prendre la responsabilité d'une organisation financière de groupe (cagnotte, partage, projet) et la mener proprement de bout en bout.","Gérer l'argent d'un collectif demande clarté, équité et autorité. C'est un test concret de confiance et de leadership.","Choisis un projet de groupe nécessitant une organisation financière. Propose une répartition claire et transparente, et fais-la valider. Suis les engagements et relance proprement les retardataires.","Pilote le partage d'une dépense commune simple.","Pilote un budget de groupe sur plusieurs postes de dépense.","La confiance gagnée en gérant l'argent des autres avec droiture.","À venir","Non","",""
"303","Mois 10","Le grand défi de leadership","Expériences nouvelles","Charisme","8","60 min","0 €","Prendre la tête d'une initiative entièrement nouvelle pour toi, en embarquant d'autres personnes, et la mener jusqu'au résultat.","L'expérience inédite de mener quelque chose de A à Z avec d'autres cristallise tout ce que tu as appris ce mois-ci.","Choisis une action à fort enjeu que personne n'a encore lancée autour de toi. Définis l'objectif, embarque les personnes nécessaires, distribue les rôles. Mène jusqu'au résultat et fais un débrief à la fin.","Mène une initiative de taille modeste avec une personne à tes côtés.","Pilote une initiative impliquant plusieurs personnes aux rôles distincts.","La conviction profonde que tu es capable de mener.","À venir","Non","",""
"304","Mois 10","Engage-toi sur ta charte de leader","Apprentissage","Mental","8","30 min","0 €","Rédiger les principes de leadership que tu veux incarner, puis les partager à voix haute à quelqu'un qui pourra te tenir responsable.","Mettre des mots sur tes valeurs de leader ancre ta transformation, mais c'est en t'engageant devant un témoin qu'elle devient réelle.","Relis les défis du mois et note ce qui a le plus résonné en toi. Formule tes principes personnels (ex. « Je décide même dans le doute »). Partage-les à voix haute à quelqu'un et demande-lui de te rappeler à l'ordre si tu déraperas.","Partage ta charte à une personne très proche.","Partage-la à quelqu'un qui osera vraiment te confronter.","La clarté et l'engagement d'avoir défini, à voix haute, le leader que tu deviens.","À venir","Non","",""
"305","Mois 11","Le contrat de résilience","Sortie de zone de confort","Charisme","7","20 min","0 €","Écrire noir sur blanc l'épreuve que tu refuses encore d'affronter, et signer un engagement à la regarder en face ce mois-ci.","On ne devient pas résilient en théorie. Nommer ce qu'on évite, c'est lui retirer la moitié de son pouvoir. L'engagement écrit crée une dette envers toi-même qui ouvre tout le mois.","1. Écris la phrase : « Ce que j'évite de regarder en face en ce moment, c'est ______. » 2. Note en dessous ce que ça te coûte de l'éviter (énergie, fierté, opportunités). 3. Signe et date un contrat : « Ce mois, je m'entraîne à encaisser au lieu de fuir », et fixe déjà le pas que tu feras au jour 334.","Choisis une épreuve modérée plutôt que ta plus grande peur.","Partage ton contrat à une personne de confiance pour rendre l'engagement public et irréversible.","Tu passes de « je subis » à « je décide d'affronter ». Le simple fait de nommer l'épreuve te rend déjà plus solide qu'hier.","À venir","Non","",""
"306","Mois 11","La douche froide assumée","Discipline","Discipline","7","5 min","0 €","Terminer ta douche par 60 secondes d'eau froide, sans sortir ni protester, en restant maître de ta respiration.","Choisir volontairement un inconfort contrôlé entraîne ton cerveau à rester calme sous stress. Tu apprends que la première vague de panique passe si tu restes présent.","1. Prends ta douche normalement, à température agréable. 2. Avant de sortir, bascule l'eau sur froid (pas glacé) et reste 60 secondes en respirant lentement par le nez. 3. Note ta pensée juste avant de mettre le froid, et celle juste après être resté.","Commence par 20 secondes et n'expose que les jambes et les bras.","90 secondes d'eau froide, immobile, en gardant une respiration régulière et lente.","Tu prouves à ton corps que ta tête commande. Cette petite victoire matinale colore toute la journée.","À venir","Non","",""
"307","Mois 11","La cartographie de tes rebonds","Gestion des émotions","Mental","7","30 min","0 €","Identifier 3 épreuves passées dont tu t'es relevé, et en extraire ta mécanique de rebond personnelle.","Tu es déjà plus résilient que tu ne le crois. Revoir tes survies passées te donne des preuves concrètes que tu sais rebondir — et une méthode déjà testée à réactiver.","1. Note 3 moments durs que tu as traversés (rupture, échec, deuil, galère). 2. Pour chacun, écris ce qui t'a aidé à remonter (personne, action, pensée, temps). 3. Repère le point commun : c'est ta ressource de rebond à réactiver maintenant.","Concentre-toi sur une seule épreuve passée, en détail.","Écris une lettre à ton « toi » de l'époque pour lui dire ce qu'il a réussi à traverser.","Tu cesses de te voir comme fragile. Tu as déjà survécu à des choses dures — la preuve est dans ton propre passé.","À venir","Non","",""
"308","Mois 11","Le jeûne de réconfort","Discipline","Discipline","7","1 journée","0 €","Passer une journée entière sans ta béquille de réconfort habituelle (sucre, écran-doudou, cigarette, scroll de fuite).","Chaque fois que tu cours vers le réconfort sous stress, tu apprends à fuir. Tenir sans la béquille t'apprend à rester avec l'inconfort au lieu de l'anesthésier.","1. Identifie ta béquille n°1 quand ça ne va pas. 2. Décide de t'en passer aujourd'hui, du réveil au coucher. 3. Quand l'envie monte, attends 10 minutes et observe-la passer au lieu d'y céder.","Tiens une demi-journée seulement.","Coupe tes deux béquilles principales sur la journée complète.","Tu découvres que l'envie est une vague, pas un ordre. Tu reprends le volant sur un automatisme qui te gouvernait.","À venir","Non","",""
"309","Mois 11","Demander et encaisser un non","Confiance en soi","Courage","7","15 min","0 €","Faire une demande dont tu sais qu'elle sera probablement refusée, juste pour t'entraîner à recevoir un non sans t'écrouler.","La peur du rejet bloque la moitié de ta vie. T'exposer volontairement à un non désensibilise cette peur et te montre qu'un refus ne te détruit pas.","1. Choisis une demande osée mais correcte (une réduction, un service, un délai). 2. Formule-la calmement, en face ou par message. 3. Si c'est non, remercie poliment et note ce que tu ressens vraiment dans ton corps.","Demande quelque chose de petit à un proche bienveillant.","Fais 3 demandes risquées dans la journée et collectionne les non.","Le rejet perd son arme. Tu réalises qu'un non n'enlève rien à ta valeur — il libère ton audace.","À venir","Non","",""
"310","Mois 11","Le seuil du « je ne peux plus »","Sortie de zone de confort","Mental","7","20 min","0 €","Repérer, dans un effort soutenu de ton choix, le moment exact où ta tête dit « stop » alors que ton corps tient encore — et apprendre à reconnaître ce mensonge.","La résilience se joue à la frontière entre « je ne peux plus » et « je peux encore ». Apprendre à identifier ce signal abandonniste, plutôt que de battre un chrono, t'apprend à le démasquer aussi quand la vie te pousse à lâcher.","1. Choisis un effort statique sûr (gainage, chaise contre un mur, marche en côte). 2. À l'instant précis où l'envie d'arrêter surgit, mets un mot dessus à voix haute (« là, c'est ma tête, pas mon corps »). 3. Note ce que tu te dis à ce seuil et ce qui se passe quand tu tiens 10 respirations de plus.","Observe le seuil sur un effort court et arrête-toi dès que tu l'as nommé.","Refais l'exercice sur 2 efforts différents et compare le discours intérieur qui revient.","Tu démasques la voix qui te fait abandonner trop tôt. La prochaine fois qu'elle parlera, tu sauras que ce n'est pas la vérité.","À venir","Non","",""
"311","Mois 11","Le silence de 60 minutes","Gestion des émotions","Mental","7","60 min","0 €","Rester une heure entière seul, sans écran, sans musique, sans distraction — juste toi et tes pensées.","On fuit le silence parce qu'il nous met face à nous-mêmes. Apprendre à rester seul sans fuir est une compétence de résilience : tu deviens un endroit sûr pour toi-même.","1. Range téléphone, ordinateur et tout écran hors de portée. 2. Assieds-toi ou marche lentement pendant 60 minutes, sans rien d'autre. 3. Laisse venir les pensées sans les fuir ; note à la fin celles qui sont revenues le plus.","Commence par 30 minutes de silence.","90 minutes sans rien, en notant honnêtement chaque inconfort traversé.","Tu cesses d'avoir peur de ta propre compagnie. Le calme intérieur devient un lieu où tu peux revenir n'importe quand.","À venir","Non","",""
"312","Mois 11","Le défi de l'embarras volontaire","Social","Courage","7","10 min","0 €","Faire volontairement quelque chose de légèrement embarrassant en public pour désensibiliser ta peur du jugement.","La peur du regard des autres te paralyse plus que les autres eux-mêmes. T'exposer à un petit ridicule choisi prouve à ton cerveau que la honte ne tue pas.","1. Choisis un acte inoffensif mais gênant (chanter doucement dans la rue, demander l'heure à 3 inconnus, t'étirer bruyamment). 2. Fais-le pleinement, sans t'excuser ni te justifier. 3. Observe : combien de gens t'ont vraiment remarqué et jugé ?","Fais l'acte dans un lieu où personne ne te connaît.","Reste 30 secondes dans la situation gênante au lieu de fuir aussitôt.","Tu réalises que les autres pensent à eux, pas à toi. La prison du regard s'entrouvre.","À venir","Non","",""
"313","Mois 11","Le recadrage d'une journée pourrie","Gestion des émotions","Mental","7","20 min","0 €","Prendre une contrariété récente et la réécrire pour en extraire une leçon ou un angle utile.","La résilience n'est pas nier le négatif, c'est refuser de s'y noyer. Le recadrage est une compétence entraînable qui change ce que tu fais d'un coup dur.","1. Note une situation récente qui t'a énervé ou abattu. 2. Écris d'abord la version « victime » (ce qui est injuste). 3. Réécris-la en « apprenant » : qu'est-ce que ça t'apprend, qu'est-ce que tu contrôles encore ?","Recadre une petite contrariété du quotidien.","Recadre une vraie blessure et trouve un seul pas d'action qu'elle te pousse à faire.","Tu reprends le pouvoir sur l'histoire que tu te racontes. Les événements ne changent pas, mais ton emprise sur eux, oui.","À venir","Non","",""
"314","Mois 11","La marche dans l'inconfort","Aventure","Vitalité","7","45 min","0 €","Sortir marcher 45 minutes par un temps que tu détestes (pluie, froid, vent) au lieu de rester au chaud.","Choisir d'aller dehors quand tout te pousse à rester dedans entraîne ta capacité à agir malgré l'inconfort. C'est de la résilience à l'état pur, jambes comprises.","1. Habille-toi correctement et sors, même si la météo est désagréable. 2. Marche 45 minutes sans chercher d'abri, en restant présent aux sensations. 3. Au retour, note ce que tu as ressenti dehors vs ce que tu redoutais avant de partir.","Marche 25 minutes, ou par temps simplement frais.","Choisis le moment le plus désagréable de la journée et ajoute un dénivelé.","Tu prouves que ton confort n'est pas une condition pour agir. Tu deviens quelqu'un qui sort, point.","À venir","Non","",""
"315","Mois 11","L'échec programmé","Sortie de zone de confort","Courage","8","30 min","0 €","Tenter volontairement quelque chose de difficile où tu vas probablement échouer, et vivre l'échec sans drame.","La peur de l'échec te garde médiocre. T'entraîner à rater exprès dévitalise cette peur : tu apprends que l'échec est une donnée, pas un verdict.","1. Choisis une tâche au-dessus de ton niveau actuel (une figure, un exercice, une prise de parole). 2. Tente-la pour de vrai, en sachant que tu vas sûrement échouer. 3. Quand tu rates, dis à voix haute « bien, j'ai appris ça » et note la leçon précise.","Choisis un domaine où l'échec n'a aucune conséquence visible.","Échoue devant quelqu'un et observe que tu survis au regard.","L'échec perd sa charge honteuse et devient information. Tu oseras désormais des choses que tu n'aurais jamais tentées.","À venir","Non","",""
"316","Mois 11","Le retour sur la chute","Confiance en soi","Mental","8","25 min","0 €","Reprendre une activité ou un projet que tu avais abandonné après un échec, et y refaire un seul pas concret aujourd'hui.","La vraie résilience, ce n'est pas ne jamais tomber, c'est revenir là où tu es tombé. Reprendre un abandon casse le récit « j'ai échoué donc j'arrête ».","1. Identifie une chose que tu as lâchée après t'être planté ou découragé. 2. Définis le plus petit pas possible pour y revenir aujourd'hui. 3. Fais ce pas, même minuscule, et note ce que ça réveille en toi.","Choisis un abandon récent et peu chargé émotionnellement.","Reprends le projet qui t'a le plus marqué par son échec.","Tu transformes une cicatrice en chantier. Revenir là où tu avais lâché te rend fier d'une façon que peu d'autres victoires offrent.","À venir","Non","",""
"317","Mois 11","Le budget catastrophe","Finances","Charisme","8","40 min","0 €","Construire un plan de survie financier si tu perdais ta source de revenu demain, pour transformer une angoisse floue en stratégie claire.","La résilience financière, c'est savoir qu'on tiendrait le choc. Affronter le scénario noir sur papier retire le pouvoir paralysant de l'angoisse vague.","1. Calcule combien de mois tu tiendrais avec ton épargne actuelle et tes dépenses fixes. 2. Liste 5 dépenses que tu couperais immédiatement en cas de coup dur. 3. Note 3 sources de revenu d'urgence que tu pourrais activer (vente, mission, aide).","Liste seulement tes dépenses coupables et ton matelas actuel.","Bâtis un plan complet sur 6 mois avec un objectif d'épargne de sécurité chiffré.","L'angoisse de l'argent recule devant un plan concret. Tu n'es plus à la merci d'un imprévu, tu as une carte de sortie.","À venir","Non","",""
"318","Mois 11","La conversation que tu fuis","Relations","Charisme","8","30 min","0 €","Avoir, en face à face, une conversation difficile que tu repousses depuis des semaines, calmement et jusqu'au bout.","Les conversations évitées pourrissent en silence. Affronter le malaise relationnel au lieu de le fuir muscle ta tolérance à l'inconfort là où elle compte le plus.","1. Identifie la conversation que tu repousses (mise au point, excuse, demande, vérité à dire). 2. Prépare une première phrase calme et honnête, sans accusation. 3. Lance la conversation aujourd'hui, de vive voix, et reste présent même si ça devient inconfortable.","Commence par écrire ce que tu veux dire, puis dis-le par téléphone.","Aborde le sujet le plus chargé avec la personne avec qui c'est le plus dur.","Le poids que tu portais depuis des semaines se dépose. Tu découvres que dire vrai libère plus que ça ne casse.","À venir","Non","",""
"319","Mois 11","Le jeûne de plaintes","Gestion des émotions","Discipline","8","1 journée","0 €","Passer une journée entière sans te plaindre une seule fois, à voix haute comme dans la rumination intérieure.","Se plaindre entretient le rôle de victime et nourrit l'impuissance. Une journée sans plainte rebranche ton cerveau sur les solutions et la responsabilité.","1. Au réveil, décide : zéro plainte aujourd'hui. 2. Chaque fois qu'une plainte monte, remplace-la par une action ou une acceptation. 3. Si tu craques, note l'heure et recommence le compteur sans culpabiliser.","Vise une demi-journée sans plainte verbale.","Tiens 48 heures, en traquant aussi les plaintes intérieures.","Tu sens à quel point la plainte est un réflexe, et à quel point t'en passer t'allège. Ton énergie se redirige vers ce que tu peux changer.","À venir","Non","",""
"320","Mois 11","La panne simulée","Résilience","Mental","8","24 h","0 €","Simuler en vrai une panne — couper internet et/ou n'utiliser que de l'argent liquide pendant 24 h — et improviser pour vivre ta journée sans tes automatismes.","La résilience ne se prouve pas sur papier, elle se prouve quand le confort disparaît. T'imposer une vraie privation contrôlée t'oblige à improviser, anticiper et te débrouiller comme le jour où ça arrivera pour de vrai.","1. Choisis ta panne : 24 h sans internet/data (mode avion, données coupées) **ou** 24 h en n'achetant qu'avec le liquide retiré la veille — ou les deux si tu oses. 2. Avant de couper, anticipe le strict nécessaire (itinéraires notés sur papier, contacts, liquide retiré), puis vis ta journée sans tricher. 3. Le soir, note chaque moment où tu as buté, comment tu as improvisé, et ce que ça révèle de ta dépendance.","Coupe une seule ressource pendant une demi-journée (un après-midi sans internet, ou une journée 100 % liquide).","Coupe internet **et** carte bancaire sur 24 h complètes, en assumant tous les imprévus sans filet numérique.","Tu découvres que tu sais fonctionner sans tes béquilles modernes. La peur de « et si ça lâchait ? » se transforme en « je saurais faire ».","À venir","Non","",""
"321","Mois 11","Le défi de l'inconnu total","Expériences nouvelles","Courage","8","60 min","0 €","Faire seul une activité que tu n'as jamais faite et qui t'intimide, sans préparation rassurante.","La résilience grandit dans l'inconnu. Te jeter dans une situation neuve sans tout maîtriser entraîne ta capacité à improviser et à rester calme dans le flou.","1. Choisis une activité nouvelle qui te met mal à l'aise (un cours d'essai, un lieu inconnu, une discipline jamais testée). 2. Vas-y seul, sans surpréparer ni chercher mille garanties. 3. Vis l'expérience pleinement et note ce que tu as découvert sur ta capacité à t'adapter.","Choisis une activité nouvelle mais dans un cadre encadré.","Choisis l'activité qui t'intimide le plus dans ta liste d'évitements.","Tu prouves que tu sais fonctionner sans tout contrôler. L'inconnu devient un terrain de jeu plutôt qu'une menace.","À venir","Non","",""
"322","Mois 11","Le pardon qui te libère","Relations","Mental","8","30 min","0 €","Choisir une rancune que tu traînes et décider consciemment de la déposer, pour toi et non pour l'autre.","Porter une rancune, c'est laisser une vieille blessure piloter ton présent. Pardonner n'excuse rien : ça te rend ta liberté émotionnelle et ta résilience.","1. Identifie une rancune qui te ronge encore. 2. Écris une lettre (que tu n'enverras pas) où tu dis tout, puis termine par « je choisis de poser ça ». 3. Relis-la, puis décide symboliquement de tourner la page (déchire-la, range-la, brûle-la en sécurité).","Commence par une rancune mineure et récente.","Travaille la blessure la plus profonde, en restant honnête sur ce qui reste à digérer.","Un poids que tu portais depuis des mois ou des années s'allège. Tu reprends l'énergie que la rancune te volait en silence.","À venir","Non","",""
"323","Mois 11","Agir sans l'envie","Discipline","Discipline","8","30 min","0 €","Choisir une tâche importante que tu repousses faute de motivation, et la faire précisément parce que tu n'en as pas envie — pour entraîner l'action découplée de l'humeur.","La résilience, c'est agir sans attendre d'en avoir envie. T'entraîner à passer à l'acte quand la motivation est à zéro forge le réflexe le plus précieux qui soit : faire quand même.","1. Repère une tâche qui compte mais que ton manque d'envie a fait reculer (un dossier, un appel, un rangement, un projet). 2. Utilise l'absence d'envie comme déclencheur : « pas envie » = signal de démarrer maintenant, pas excuse. 3. Note ton niveau d'envie avant, puis ce que ça change d'avoir agi sans l'attendre.","Démarre seulement les 5 premières minutes, puis décide si tu continues.","Enchaîne deux tâches que tu fuyais dans la même session, sans pause de fuite.","Tu démontres que ta discipline est plus forte que ton humeur. Cette preuve te rend fiable à tes propres yeux.","À venir","Non","",""
"324","Mois 11","Le journal de stress décodé","Apprentissage","Mental","8","35 min","0 €","Décoder ce qui te fait craquer en analysant tes 3 dernières montées de stress pour repérer le schéma déclencheur.","On ne peut pas gérer ce qu'on ne comprend pas. Identifier tes déclencheurs de stress te donne une longueur d'avance la prochaine fois qu'ils se présentent.","1. Note tes 3 derniers gros pics de stress ou de colère. 2. Pour chacun, repère le déclencheur exact, ta réaction et ce qui l'a apaisé. 3. Identifie le schéma récurrent et écris une stratégie de réponse pour la prochaine fois.","Analyse un seul épisode de stress en profondeur.","Tiens ce journal sur une semaine pour cartographier finement tes déclencheurs.","Tes réactions cessent d'être un mystère qui te submerge. Tu deviens l'observateur de ton stress au lieu d'en être l'esclave.","À venir","Non","",""
"325","Mois 11","Les 24 heures inconfortables","Sortie de zone de confort","Discipline","9","1 journée","0 €","Vivre une journée entière en choisissant systématiquement l'option la moins confortable mais la plus utile, du réveil au coucher.","La résilience se construit par accumulation de petits choix durs. Une journée de choix inconfortables enchaînés muscle ta volonté plus qu'une semaine ordinaire.","1. Au réveil, décide : aujourd'hui, à chaque carrefour, je prends l'option qui me forge, pas celle qui me détend. 2. Applique-le partout : se lever direct, escaliers, eau plutôt que soda, travail avant plaisir, vérité plutôt qu'esquive. 3. Le soir, compte combien de choix inconfortables tu as tenus.","Applique le principe sur une demi-journée.","Ajoute une contrainte forte (jeûne partiel léger, zéro écran de loisir).","Tu sens ta volonté comme un muscle chauffé à blanc. Tu finis la journée épuisé mais immensément fier.","À venir","Non","",""
"326","Mois 11","L'opinion clivante filmée","Sortie de zone de confort","Courage","9","20 min","0 €","Te filmer en défendant une opinion clivante que tu assumes vraiment, et l'envoyer à 3 personnes pour provoquer un vrai débat contradictoire.","Exposer une position tranchée, en vidéo, à des gens qui peuvent te contredire, c'est l'inverse de te cacher derrière le consensus. Tu apprends à tenir ta voix sous la contradiction sans t'effondrer ni te renier.","1. Choisis une opinion que tu crois vraiment mais que tu tais d'habitude par peur du conflit (société, valeurs, mode de vie — rien de haineux ni d'illégal). 2. Filme-toi 1 à 2 minutes en la défendant clairement, sans agressivité, en assumant le « je pense que ». 3. Envoie la vidéo à 3 personnes dont au moins une qui pense l'inverse, et engage le débat : écoute leurs contre-arguments jusqu'au bout avant de répondre.","Envoie la vidéo à 1 seule personne de confiance capable de te contredire honnêtement.","Choisis ton opinion la plus inconfortable à assumer et accepte un échange écrit où tu défends ta position point par point.","Tu cesses de diluer ta pensée pour plaire. Tenir une position face à la contradiction, c'est découvrir que ton identité ne se fissure pas quand on n'est pas d'accord avec toi.","À venir","Non","",""
"327","Mois 11","Le défi de la solitude choisie","Aventure","Mental","9","1/2 journée","0 €","Passer une demi-journée entière seul à l'extérieur, sans réseau ni distraction, pour t'appuyer uniquement sur toi-même.","Apprendre à se suffire à soi-même quelques heures est une épreuve de résilience profonde. Tu découvres que tu es une compagnie fiable et que tu sais te débrouiller seul.","1. Choisis un lieu (parc, forêt, ville inconnue) et préviens quelqu'un par sécurité. 2. Coupe tes notifications et passe une demi-journée seul, à marcher, observer, réfléchir. 3. Au retour, note ce que la solitude prolongée t'a révélé sur toi.","Passe 2 heures seul plutôt qu'une demi-journée.","Ajoute une micro-aventure (un itinéraire inconnu, un trajet jamais fait).","Tu cesses d'avoir besoin des autres pour te sentir entier. Cette autonomie intérieure est une force qui ne te quitte plus.","À venir","Non","",""
"328","Mois 11","Le grand ménage des excuses","Discipline","Mental","9","40 min","0 €","Lister toutes tes excuses récurrentes, les démonter une par une, et passer à l'action sur la plus paralysante aujourd'hui.","Les excuses sont le contraire de la résilience : elles te donnent une raison de ne pas te relever. Les exposer en pleine lumière leur retire leur pouvoir.","1. Écris les 5 excuses que tu utilises le plus (pas le temps, pas l'argent, pas prêt, trop tard, trop dur). 2. En face de chacune, écris la vérité brute qu'elle cache. 3. Choisis l'excuse la plus coûteuse et fais immédiatement un acte qui la contredit.","Démonte une seule excuse et agis dessus.","Démonte tes 5 excuses et pose une action concrète sur chacune cette semaine.","Tu te retires les béquilles que tu te tendais à toi-même. Sans excuses, il ne reste que ta capacité réelle — et elle est plus grande que tu croyais.","À venir","Non","",""
"329","Mois 11","Encaisser une critique de plein fouet","Social","Charisme","9","30 min","0 €","Demander à quelqu'un une critique honnête sur toi ou ton travail, l'écouter sans te défendre, et en garder le meilleur.","La résilience inclut la capacité à recevoir ce qui pique sans s'effondrer ni contre-attaquer. Solliciter une critique te désensibilise et te fait progresser d'un coup.","1. Choisis une personne lucide et bienveillante (pas un complaisant). 2. Demande : « Qu'est-ce que je gagnerais à améliorer chez moi ou dans ce que je fais ? » 3. Écoute en silence jusqu'au bout, remercie, et note les 2 retours les plus utiles.","Demande un retour sur un point précis et limité.","Demande la critique à plusieurs personnes et cherche le schéma commun.","Tu transformes la critique d'ennemie en alliée. Ne plus craindre les retours te rend libre de progresser sans fragilité d'ego.","À venir","Non","",""
"330","Mois 11","Le défi du corps poussé","Aventure","Vitalité","9","45 min","0 €","Te confronter à une épreuve physique que tu n'as jamais tentée et qui t'impressionne, et la mener jusqu'au bout en gérant ta peur autant que ton effort.","Affronter un terrain physique inédit — pas juste « faire 20 % de plus » — t'oblige à improviser face à l'imprévu corporel. C'est l'inconnu du corps qui forge ici la résilience, pas le chiffre.","1. Choisis une épreuve physique nouvelle et sûre qui t'intimide (une rando exposée mais balisée, une longue nage en eau encadrée, une discipline jamais essayée, un parcours inconnu). 2. Lance-toi en visant à finir, pas à performer, et observe où la peur parle plus fort que le corps. 3. Note le moment où tu as failli renoncer et ce qui t'a fait continuer.","Choisis une version courte et très encadrée de l'épreuve.","Ajoute une part d'inconnu (lieu jamais vu, conditions inhabituelles) en gardant toujours la sécurité.","Tu franchis une barrière que tu pensais infranchissable. Ton corps te donne la preuve que ta tête peut t'emmener plus loin que prévu.","À venir","Non","",""
"331","Mois 11","La lettre de ton futur résilient","Créativité","Charisme","9","35 min","0 €","Écrire une lettre depuis ton « toi » d'ici un an, à qui ce mois de résilience a permis de traverser les épreuves à venir.","Se projeter en version résiliente ancre l'identité que tu construis. Tu ne fais pas que survivre au mois : tu décides de qui il fait de toi.","1. Imagine-toi dans un an, après avoir traversé une vraie épreuve. 2. Écris ce que ton « toi » futur dirait à ton « toi » d'aujourd'hui pour le remercier d'avoir tenu. 3. Termine par la phrase : « Voici qui je suis devenu grâce à ce que tu as enduré : ______. »","Écris quelques lignes plutôt qu'une lettre complète.","Garde la lettre et programme-toi un rappel pour la relire dans un an.","Tu donnes un sens à l'inconfort de tout ce mois. Tu ne souffres pas pour rien : tu construis quelqu'un dont tu seras fier.","À venir","Non","",""
"332","Mois 11","Le grand inventaire de tes forces","Confiance en soi","Mental","9","30 min","0 €","Dresser la liste des épreuves de ce mois que tu as traversées et en extraire les forces concrètes que tu as découvertes en toi.","La résilience devient réelle quand on la voit noir sur blanc. Mesurer ce que tu as encaissé ce mois te donne une banque de preuves contre tes futurs doutes.","1. Relis les défis du mois et coche tous ceux que tu as réellement faits. 2. Pour chacun, écris la force qu'il a révélée (courage, calme, ténacité, lucidité). 3. Rédige ta phrase-bilan : « Ce mois m'a appris que je suis capable de ______. »","Note simplement tes 3 plus grandes fiertés du mois.","Classe tes forces et choisis celle à renforcer encore le mois prochain.","Tu vois l'ampleur de ce que tu as traversé. Cette liste devient ton armure pour les jours où le doute reviendra.","À venir","Non","",""
"333","Mois 11","Le rituel de reprise maîtrisé","Organisation","Charisme","9","30 min","0 €","Construire ton protocole personnel de reprise : quoi faire, concrètement, le jour où tu tomberas ou abandonneras quelque chose.","La résilience n'est pas ne jamais tomber : c'est savoir exactement comment se relever. Un protocole prêt à l'emploi t'évite de réfléchir au pire moment.","1. Écris les 3 premiers pas que tu feras dès que tu remarqueras que tu as lâché quelque chose. 2. Ajoute une phrase d'auto-compassion à te dire (pas de flagellation). 3. Range ce protocole là où tu le retrouveras le jour où tu en auras besoin.","Note juste le tout premier pas de reprise.","Crée un protocole détaillé par domaine (sport, projet, habitude) avec déclencheurs.","Tu n'as plus peur de tomber, parce que tu sais te relever. Cette assurance change ta façon d'oser dans tous les domaines.","À venir","Non","",""
"334","Mois 11","Le sommet du mois","Sortie de zone de confort","Courage","9","60 min","0 €","Affronter l'épreuve nommée dans ton contrat du jour 305, ou en faire le pas le plus courageux possible aujourd'hui.","Tout le mois t'a préparé à ça. Boucler la résilience par l'épreuve que tu fuyais au départ transforme ce mois en vraie bascule, pas en simple série d'exercices.","1. Relis ton contrat du jour 305 : quelle épreuve t'étais-tu engagé à regarder en face ? 2. Fais aujourd'hui le pas le plus courageux possible vers elle, sans te dérober. 3. Note ce que ça change de l'avoir affrontée, même imparfaitement.","Fais un pas partiel mais réel vers l'épreuve, sans tout résoudre d'un coup.","Affronte l'épreuve dans sa totalité, sans laisser de porte de sortie.","Tu termines le mois en ayant regardé en face ce que tu fuyais. Quoi qu'il arrive ensuite, tu sais désormais que tu sais affronter.","À venir","Non","",""
"335","Mois 12","La photo d'avant/après","Sortie de zone de confort","Courage","8","20 min","0 €","Voir d'un coup, noir sur blanc, la distance entre qui tu étais au Jour 1 et qui tu es aujourd'hui.","Tu sous-estimes ton propre changement parce qu'il s'est fait par micro-pas. Le voir d'un seul tenant réveille une fierté qui te portera jusqu'à la ligne d'arrivée. *(Temps de réflexion fort n°1 du mois.)*","Écris en 5 lignes l'état d'esprit, les habitudes et les peurs que tu avais avant de commencer. Écris en 5 lignes où tu en es aujourd'hui, sur ces mêmes points exactement. Surligne les 3 changements dont tu es le plus fier et lis-les à voix haute.","Limite-toi à 3 points de comparaison au lieu de 5.","Demande à un proche de décrire le changement qu'il a vu en toi, puis confronte-le à ta propre version.","La preuve concrète que tu n'es plus celui qui stagnait.","À venir","Non","",""
"336","Mois 12","Le mot des autres","Social","Charisme","8","20 min","0 €","Demander à 3 proches de te décrire en un seul mot, et confronter ça à l'image que tu as de toi.","L'image que tu te fais de toi est un angle mort. Le miroir des autres, brut et non négociable, révèle qui tu es **vraiment** devenu — souvent mieux que tu ne crois.","Écris d'abord, sans le montrer, le mot que **tu** crois qu'ils diront. Demande à 3 personnes qui te connaissent : « Si tu devais me décrire en un seul mot, lequel ? » Compare leurs réponses à la tienne et note l'écart qui te surprend le plus.","Pose la question à 2 personnes au lieu de 3.","Demande aussi le mot qu'ils auraient choisi il y a un an, et mesure l'évolution.","La justesse troublante de te voir par les yeux de ceux qui comptent.","À venir","Non","",""
"337","Mois 12","Coupe la branche morte","Discipline","Discipline","8","15 min","0 €","Supprimer aujourd'hui, de façon irréversible, le déclencheur physique de l'habitude qui te tire encore vers le bas.","Une transformation ne se construit pas qu'en ajoutant : elle s'élague. Couper net une mauvaise habitude libère de l'énergie pour tout le reste — et le faire pour de vrai, pas le « décider ».","Nomme l'habitude qui te dessert le plus (scroll, grignotage tardif, snooze…). Supprime maintenant son déclencheur : désinstalle l'appli, jette l'objet, change le mot de passe, retire-le de ta vue. Préviens une personne que tu as coupé cette habitude, pour rendre le retour en arrière coûteux.","Rends le déclencheur juste très difficile d'accès au lieu de le supprimer totalement.","Choisis l'habitude la plus enracinée, pas la plus facile à lâcher.","Reprendre le contrôle sur ce qui te contrôlait.","À venir","Non","",""
"338","Mois 12","24 h sans ton plus gros voleur de temps","Productivité","Discipline","8","Toute la journée","0 €","Vivre 24 h en supprimant ta plus grosse perte de temps, et mesurer concrètement ce que tu récupères.","Tu sais désormais structurer ton temps. Le couper net une journée entière transforme une intuition (« je perds des heures là-dedans ») en **preuve chiffrée** de ce que tu peux reprendre.","Identifie ta plus grosse fuite de temps (réseaux, séries, allers-retours inutiles, notifications). Coupe-la totalement pendant 24 h — rends-la inaccessible dès le réveil. Le soir, note l'heure que tu as récupérée et ce que tu en as fait à la place.","Tiens une demi-journée complète sans ton voleur de temps n°1.","Bascule directement le temps récupéré dans une action qui compte (sport, projet, appel important).","Sentir, en heures réelles, la vie que tu reprends.","À venir","Non","",""
"339","Mois 12","Le test physique-repère, chronométré","Sport","Vitalité","8","30 min","0 €","Réaliser un test physique chronométré réel, noté et daté, comme base de référence pour l'année à venir.","Le corps garde la mémoire du progrès, mais seulement si tu le mesures. Un test daté transforme ton physique en **point de départ vérifiable** — impossible à enjoliver ou à oublier.","Choisis un test concret et reproductible : test de Cooper (distance en 12 min), max de pompes, gainage tenu, montée d'escaliers chronométrée. Échauffe-toi, puis donne ton maximum honnête. Note le résultat **et la date** noir sur blanc, comme la ligne de base de ton année prochaine.","Choisis un test doux (marche rapide chronométrée) et note-le proprement.","Enchaîne deux tests (un cardio + un de force) pour un repère complet daté.","Tenir une mesure réelle de ton corps, sans illusion ni déni.","À venir","Non","",""
"340","Mois 12","L'appel de gratitude","Relations","Charisme","8","25 min","0 €","Appeler une personne avec qui tu as eu un conflit et lui exprimer ta gratitude pour ce qu'elle t'a appris malgré tout.","On se libère d'une rancune non pas en l'écrivant dans un carnet, mais en **transformant la relation pour de vrai**. Dire merci à qui t'a heurté est l'un des actes les plus puissants — et les plus exposants — de l'année.","Choisis une personne liée à un conflit ou une blessure passée, mais dont tu as tiré une leçon réelle. Appelle-la (ou vois-la) et nomme précisément ce que cette épreuve t'a appris. Dis « merci » sans rouvrir le conflit ni attendre d'excuses en retour.","Envoie un message vocal sincère si l'appel en direct est trop dur.","Propose, si c'est sain, de vous revoir pour repartir sur une base apaisée.","La paix rare de transformer une rancune en reconnaissance.","À venir","Non","",""
"341","Mois 12","Réactive un lien endormi","Relations","Charisme","8","25 min","0 €","Reprendre contact de vive voix avec une personne qui compte mais que tu as laissée filer, et fixer un vrai rendez-vous.","Une vie transformée se vit à travers ses liens. Raviver une relation précieuse — par un appel, pas un simple « like » — t'entoure de gens qui te tirent vers le haut.","Pense à quelqu'un avec qui tu as perdu le contact sans raison négative. Appelle-la directement (ou laisse un message vocal) en rappelant un bon souvenir partagé. Fixe avant de raccrocher un moment concret et daté pour vous revoir.","Envoie un message vocal sincère si l'appel en direct te bloque.","Propose de te déplacer pour la voir dans les deux semaines, et bloque la date.","La chaleur de raviver un lien que tu croyais perdu.","À venir","Non","",""
"342","Mois 12","La compétence que tu transmets","Apprentissage","Savoir","8","30 min","0 €","Enseigner en direct, à une personne réelle, une chose que tu as apprise ou développée cette année.","Transmettre est la preuve ultime de la maîtrise : ça transforme un savoir en partie de ton identité, et ça t'expose au regard de l'autre pendant que tu enseignes.","Choisis une compétence ou une habitude que tu maîtrises bien mieux qu'il y a un an. Trouve une personne qui pourrait vraiment en profiter aujourd'hui. Explique-lui en direct, avec un exemple concret et une première étape qu'elle réalise devant toi.","Enregistre un mini-tuto et envoie-le à la personne concernée.","Enseigne à un petit groupe ou publie ta démonstration publiquement.","La fierté d'être devenu une source pour les autres.","À venir","Non","",""
"343","Mois 12","L'engagement public irréversible","Sortie de zone de confort","Courage","9","20 min","0 €","Annoncer publiquement un objectif important pour l'année à venir, avec un témoin chargé de te demander des comptes.","Dire tout haut ce que tu vises augmente ton engagement et désamorce la peur du regard. Une intention privée devient un **cap assumé** que tu ne peux plus enterrer en silence.","Formule un objectif clair, ambitieux mais atteignable, pour les 12 prochains mois. Annonce-le à au moins une personne dont l'avis compte, ou publiquement. Demande-lui explicitement de te redemander des nouvelles dans 3 mois — fixe la date.","Annonce ton objectif à une seule personne de confiance.","Publie-le sur un réseau ou déclare-le devant un groupe.","Le frisson de t'engager sans porte de sortie.","À venir","Non","",""
"344","Mois 12","Agis sur ton domaine le plus bas","Sortie de zone de confort","Courage","9","1 h","0 €","Identifier ton domaine de vie le plus faible et y agir 1 h concrètement aujourd'hui — pas seulement le constater.","Une vue d'ensemble ne transforme rien si elle reste sur le papier. Le saut de valeur, c'est de **passer du diagnostic à l'acte** dans l'heure, là où ça fait le plus défaut.","Repère parmi tes domaines de vie (santé, finances, relations, travail, perso) celui qui est clairement le plus bas. Choisis une action réelle d'1 h qui le fait avancer, ici et maintenant. Fais-la entièrement aujourd'hui, et note la première chose qui a bougé.","Agis 30 min sur ce domaine au lieu d'1 h.","Enchaîne en planifiant et bloquant la deuxième action pour cette semaine.","La satisfaction d'avoir attaqué ton point faible au lieu de le contempler.","À venir","Non","",""
"345","Mois 12","Le défi physique avec témoin","Sport","Vitalité","9","30 min","0 €","Réaliser un effort physique exigeant **devant quelqu'un** ou dans un lieu public, sans pouvoir te défiler.","Forcer en privé est une chose ; le faire sous le regard d'un autre en est une autre. L'exposition transforme l'effort en **acte de courage** autant que de corps, et ancre une preuve impossible à minimiser.","Choisis un effort que tu sais difficile pour toi (série de pompes, gainage long, sprint, montée). Fais-le devant une personne (proche, partenaire de sport) ou dans un lieu fréquenté. Va au bout malgré le regard, et demande à ton témoin de confirmer que tu l'as fait.","Fais-le devant une seule personne de confiance plutôt qu'en public.","Propose à ton témoin de relever le même effort avec toi, côte à côte.","La fierté brute d'avoir tenu sous le regard des autres.","À venir","Non","",""
"346","Mois 12","Le grand tri financier, pour de vrai","Finances","Prospérité","9","40 min","0 €","Regarder tes finances en face et poser aujourd'hui **un acte irréversible** (résiliation ou virement réel), pas seulement un constat.","Une vie reprise en main inclut l'argent. La transformation n'est pas dans le tableur : elle est dans l'**action engagée** que tu fais aujourd'hui et que tu ne peux plus annuler d'un soupir.","Repère un abonnement ou une dépense qui ne te sert plus. Résilie-le réellement aujourd'hui (en ligne ou par téléphone, en tenant face à la rétention). Programme dans la foulée un virement d'épargne automatique, même symbolique, dès maintenant.","Concentre-toi sur la seule résiliation d'un abonnement inutile.","Mets en place le virement automatique **et** appelle pour renégocier un contrat (assurance, forfait, banque).","Le calme de savoir que tu as agi, pas seulement compté.","À venir","Non","",""
"347","Mois 12","L'œuvre qui te ressemble, partagée","Créativité","Création","9","45 min","0 €","Créer une œuvre personnelle qui exprime ta transformation, puis la **montrer** à au moins une personne.","Mettre ton évolution en forme l'ancre dans le réel ; la partager t'expose et la rend vivante. La sincérité montrée vaut mille fois la perfection cachée.","Choisis un médium : texte, dessin, collage, courte vidéo, playlist, montage photo. Crée 45 minutes sur le thème « Ma transformation cette année », sans chercher la perfection. Montre ton œuvre à au moins une personne et explique-lui ce qu'elle raconte.","Partage ton œuvre avec une seule personne de confiance.","Publie-la ou présente-la à un petit groupe.","La joie de voir ton parcours prendre une forme visible et assumée.","À venir","Non","",""
"348","Mois 12","Affronte la peur restante","Confiance en soi","Courage","9","30 min","0 €","Faire un pas concret, dans les prochaines heures, vers la peur qui te bloque encore malgré tout ton chemin.","Il reste toujours une peur tenace. La regarder en face maintenant, fort de ton année, brise un dernier plafond intérieur — à condition de la traverser par un **acte réel**, pas par la réflexion.","Nomme la peur qui te limite encore le plus aujourd'hui. Décompose-la en un premier pas réalisable maintenant. Fais ce pas, même imparfaitement, avant la fin de la journée.","Fais une répétition du pas (à blanc, devant un proche) avant de le faire en vrai.","Fais le pas complet, pas sa version minimale.","La libération de voir une peur perdre son pouvoir sur toi.","À venir","Non","",""
"349","Mois 12","La journée sans écran récréatif","Productivité","Discipline","9","Toute la journée","0 €","Passer une journée entière sans aucun usage divertissant de ton téléphone, et le prouver.","Le scroll était l'un de tes plus gros voleurs de vie. Une journée de sevrage complète prouve, fait à l'appui, que tu n'en es plus l'esclave.","Range ou bloque toutes tes applis de divertissement dès le réveil. N'autorise que les usages utiles (appels, navigation, travail). En fin de journée, regarde ton temps d'écran et garde la capture comme preuve.","Tiens une demi-journée complète sans écran récréatif.","Remplace chaque envie de scroll par une action utile de ta liste et note-les.","Le sentiment net de récupérer des heures de ta vie.","À venir","Non","",""
"350","Mois 12","Le rituel tenu 5 jours, prouvé","Discipline","Discipline","9","30 min/jour","0 €","Tenir ton rituel (matinal ou autre) 5 jours d'affilée et le prouver par une **photo horodatée** chaque jour.","Tu as testé des dizaines d'habitudes. La vraie maîtrise n'est pas d'en réussir une un matin, mais de **la répéter sans faille** — et de ne pas pouvoir te mentir grâce à une preuve datée quotidienne.","Choisis le rituel qui te transforme le plus (mouvement, lecture, écriture, respiration, sans téléphone). Exécute-le 5 jours de suite, à heure régulière. Chaque jour, prends une photo horodatée comme preuve incontestable (ton appli horloge ou un horodatage visible).","Tiens un rituel à 2 composantes pendant les 5 jours.","Prolonge la chaîne jusqu'au Jour 365 sans rompre une seule fois.","La fierté solide d'une preuve que personne ne peut contester — toi le premier.","À venir","Non","",""
"351","Mois 12","Demander pardon, en face","Confiance en soi","Courage","9","30 min","0 €","Demander pardon en face à une personne que **toi** tu as blessée — réparer, pas seulement dire le vrai.","Le courage le plus rare n'est pas de dire ta vérité, c'est de **reconnaître ton tort** et d'agir pour réparer. C'est l'un des actes les plus exposants qui soient, et il libère une intégrité que rien d'autre ne donne.","Identifie une personne que tu as réellement blessée et à qui tu dois des excuses. Demande-lui pardon en personne (ou par appel), sans te justifier ni minimiser. Propose un geste concret de réparation, et tiens-le.","Commence par un message vocal sincère si le face-à-face est impossible à organiser vite.","Choisis la personne et la faute qui te coûtent le plus à affronter.","Le soulagement profond d'avoir réparé, pas seulement avoué.","À venir","Non","",""
"352","Mois 12","La micro-aventure solo","Aventure","Courage","9","Demi-journée","~5 €","Partir seul vivre une expérience hors de ton quotidien, sans personne pour te rassurer.","Affronter le monde en solo prouve ta transformation : tu n'as plus besoin d'être accompagné pour te sentir capable et libre.","Choisis une destination ou une activité nouvelle et accessible (rando, ville voisine, lieu jamais visité). Pars seul, sans plan minute par minute. Parle à au moins un inconnu sur place et note une chose que tu n'aurais pas remarquée en groupe.","Reste dans ta ville mais explore seul un quartier totalement inconnu.","Vis l'aventure dans un environnement qui te déstabilise vraiment (langue, foule, nature isolée).","La liberté grisante de te suffire à toi-même.","À venir","Non","",""
"353","Mois 12","Le grand désencombrement irréversible","Organisation","Discipline","9","60 min","0 €","Sortir physiquement de chez toi, aujourd'hui, tout ce qui appartient à l'ancienne version de toi.","Ton environnement raconte qui tu es. Le vrai désencombrement n'est pas de trier : c'est de **faire sortir** ce qui part, sans le « garder au cas où ». L'acte est irréversible — c'est ce qui le rend transformant.","Choisis une zone qui te pèse (chambre, bureau, garde-robe). Trie en trois piles : je garde, je donne, je jette. Sors **aujourd'hui** ce qui part : dépose au don, mets à la benne, donne à quelqu'un — pas demain.","Désencombre et vide réellement une seule petite zone (un placard, un tiroir).","Donne à une personne précise un objet qui avait de la valeur pour ton ancienne version.","La sensation d'un espace neuf qui te ressemble enfin.","À venir","Non","",""
"354","Mois 12","Demande ce que tu n'oses jamais","Social","Charisme","9","20 min","0 €","Formuler aujourd'hui une demande importante que la peur du « non » t'a empêché de faire.","Oser demander est une compétence de vie majeure. Le pire est un « non », et chaque demande renforce ton audace et tes opportunités réelles.","Identifie une demande qui pourrait changer ta situation (augmentation, aide, collaboration, faveur). Formule-la clairement, sans t'excuser ni te sur-justifier. Fais la demande aujourd'hui, à la bonne personne, en direct ou par appel.","Commence par une demande à enjeu modéré pour briser le blocage.","Fais la demande qui te fait le plus peur, celle à fort enjeu.","La fierté d'avoir osé, quelle que soit la réponse.","À venir","Non","",""
"355","Mois 12","La première action de l'après-Cap365","Productivité","Discipline","9","40 min","0 €","Choisir ton objectif majeur d'après-Cap365 et **réaliser sa toute première action aujourd'hui**, pas seulement la planifier.","La transformation continue après le Jour 365. Un plan reste un fantasme tant que le premier pas n'est pas posé. Faire la première action **maintenant** transforme un élan de fin d'année en trajectoire réelle.","Choisis l'objectif qui compte le plus pour ta prochaine année. Définis sa toute première action concrète (un appel, une inscription, une création, un envoi). Exécute-la aujourd'hui, et préviens une personne que tu as démarré.","Réalise une version réduite de la première action, mais réalise-la pour de vrai.","Fixe et bloque dans ton agenda les trois actions suivantes, avec dates.","L'assurance d'avoir déjà commencé ce qui n'était qu'un rêve.","À venir","Non","",""
"356","Mois 12","La nouveauté radicale","Expériences nouvelles","Création","9","1 h 30","~10 €","Vivre une expérience totalement inédite, que tu n'aurais jamais envisagée avant cette année.","La fin de l'année doit rester en mouvement. Tester du radicalement neuf prouve que ta curiosité et ton audace sont devenues des réflexes, pas des exceptions.","Liste 3 expériences que tu as toujours écartées par peur ou par habitude. Choisis-en une réalisable aujourd'hui ou cette semaine. Lance-toi, en notant ta sensation juste avant de commencer.","Choisis une nouveauté accessible et gratuite près de chez toi.","Choisis l'expérience qui te sort le plus de ta zone de confort.","L'excitation de découvrir que le monde est plus vaste qu'avant.","À venir","Non","",""
"357","Mois 12","La frustration provoquée","Gestion des émotions","Mental","9","30 min","0 €","Te placer volontairement dans une situation frustrante (file d'attente, refus assumé) et tenir le calme, observé.","La maîtrise des émotions ne se prouve pas à froid, sur un carnet, mais **dans le feu réel**. Provoquer l'inconfort et le traverser sans réagir te donne une preuve vivante de ton sang-froid.","Choisis une situation frustrante que tu peux déclencher : prendre la file la plus lente, demander quelque chose en sachant qu'on te refusera, attendre sans téléphone. Plonge dedans volontairement et observe la montée d'irritation. Respire, ne réagis pas à chaud, et note ce que tu as ressenti et comment tu l'as tenu.","Choisis une frustration d'intensité moyenne pour commencer.","Choisis une situation où quelqu'un observe ta réaction (collègue, proche, inconnu).","Le sentiment d'être enfin aux commandes de ton monde intérieur, même sous tension.","À venir","Non","",""
"358","Mois 12","L'effort en pleine nature","Sport","Vitalité","10","1 h 30","0 €","Réaliser un effort physique long dans un environnement réel et exigeant (sentier, dénivelé, plein air), du début à la fin.","Pousser ton corps une dernière fois, **dans le monde** plutôt que dans une salle, scelle ta transformation physique. L'environnement change tout : la météo, le terrain, la durée — c'est une preuve corporelle qu'aucun chiffre de salle ne remplace.","Choisis un parcours réel et engageant : longue marche en dénivelé, course en nature, ascension d'un point haut près de chez toi. Prépare-toi (eau, chaussures, météo) et pars. Va jusqu'au bout en écoutant ton corps, puis note ce que l'environnement t'a fait vivre.","Réduis la distance mais garde le plein air et le terrain réel.","Vis l'effort à l'aube ou dans des conditions inhabituelles, seul.","La fierté physique d'avoir affronté le réel, pas une machine.","À venir","Non","",""
"359","Mois 12","Le manifeste déclaré tout haut","Sortie de zone de confort","Courage","10","40 min","0 €","Écrire le manifeste de la personne que tu choisis d'être, puis le **déclarer à voix haute devant quelqu'un** ou l'afficher publiquement.","Une transformation ne se subit pas, elle se décide — et elle se **dit**. Poser tes engagements par écrit fait de toi l'auteur de ta vie ; les déclarer devant un témoin te rend responsable de les tenir.","Écris « Je suis quelqu'un qui… » avec 7 affirmations vraies aujourd'hui, 3 valeurs non négociables et 3 comportements que tu refuses désormais. Date-le et signe-le. Lis-le à voix haute devant une personne de confiance, ou affiche-le là où d'autres le verront.","Lis-le en visio ou en message vocal à un proche si le face-à-face est impossible.","Publie ton manifeste, ou déclare-le devant plusieurs personnes.","La puissance de t'engager publiquement sur qui tu deviens.","À venir","Non","",""
"360","Mois 12","La lettre à ton toi du Jour 1","Gestion des émotions","Mental","10","30 min","0 €","Écrire une lettre à la personne que tu étais au tout début de l'année.","Te parler à toi-même d'avant referme la boucle de l'année et fait remonter, d'un coup, toute la distance parcourue. *(Temps de réflexion fort n°2 du mois — le seul moment vraiment introspectif, gardé entier.)*","Adresse-toi à ton toi du Jour 1 : ce qu'il traversait, ses peurs, ses doutes. Raconte-lui ce qui a changé et ce dont tu es le plus fier. Termine par le conseil que tu aurais aimé entendre alors, et lis la lettre à voix haute.","Écris une version courte de 10 lignes.","Lis ta lettre à voix haute à une personne de confiance.","Une vague de gratitude pour le chemin accompli.","À venir","Non","",""
"361","Mois 12","Le don qui boucle la boucle","Social","Charisme","10","45 min","0 €","Aider concrètement, aujourd'hui, quelqu'un qui en est là où tu étais il y a un an.","Transmettre ce qui t'a transformé donne un sens supérieur à ton année et ancre durablement ce que tu as appris. Aider, c'est consolider — et c'est un acte, pas un sentiment.","Repère une personne réelle qui stagne ou doute comme tu le faisais avant. Offre-lui une aide concrète aujourd'hui : ton écoute, un conseil vécu, un premier défi à relever ensemble. Reste humble : partage ton expérience, n'impose pas de leçon.","Partage une ressource ou un conseil précis qui t'a vraiment aidé.","Accompagne la personne sur son premier pas et propose de la suivre dans le temps.","Le sens profond de rendre ce que tu as reçu.","À venir","Non","",""
"362","Mois 12","Le défi qui te terrifiait au Jour 1","Confiance en soi","Courage","10","30 min","0 €","Refaire, en version aboutie, le type de défi qui te paralysait au début de l'année.","Reprendre une peur fondatrice et la dominer aujourd'hui mesure ton chemin mieux que n'importe quel mot. C'est la preuve vivante de ta transformation.","Souviens-toi d'un défi des premiers mois qui te terrifiait (parler à un inconnu, dire non, t'exposer…). Choisis-en une version plus ambitieuse aujourd'hui. Relève-la, puis compare ton ressenti à celui d'il y a un an.","Refais le défi à son niveau d'origine, sans l'amplifier.","Pousse-le un cran au-delà de ce que tu pensais possible.","La preuve irréfutable que tu as changé en profondeur.","À venir","Non","",""
"363","Mois 12","La démonstration publique","Apprentissage","Savoir","10","45 min","0 €","Démontrer en direct, devant quelqu'un, une compétence que tu n'avais pas (ou très mal) il y a un an.","Le meilleur bilan d'apprentissage n'est pas une note dans un carnet : c'est une **démonstration vérifiable**. Montrer en acte ce que tu sais désormais faire transforme un progrès ressenti en preuve publique indéniable.","Choisis une compétence réelle que tu as acquise ou nettement progressée cette année (parler, cuisiner, coder, bricoler, t'exprimer, t'organiser…). Trouve une personne devant qui la démontrer aujourd'hui. Exécute-la en direct, sans filet, et demande-lui un retour honnête.","Filme ta démonstration et envoie-la à une personne qui t'a vu débuter.","Démontre la compétence devant un petit groupe ou en public.","La fierté de prouver, en acte, ce que tu es devenu capable de faire.","À venir","Non","",""
"364","Mois 12","Le message à qui commence","Créativité","Création","10","30 min","0 €","Enregistrer un message vidéo ou audio de 2 minutes : ce que tu dis à qui démarre, demain, ce parcours.","Te voir et t'entendre transmettre l'essentiel de ton année te confronte, sans détour possible, à qui tu es devenu. Et ça crée une trace réelle, partageable, qui pourra vraiment aider quelqu'un.","Décide les 2-3 choses essentielles que tu aurais voulu entendre au Jour 1. Enregistre un message vidéo ou audio de 2 minutes, en t'adressant directement à cette personne qui démarre. Garde-le précieusement — et envoie-le à quelqu'un si tu te sens prêt.","Enregistre un message audio seul, sans la vidéo.","Publie ton message ou envoie-le à une personne précise qui hésite à se lancer.","La force de t'entendre parler en personne transformée.","À venir","Non","",""
"365","Mois 12","LE DÉFI-SIGNATURE","Sortie de zone de confort","Courage","10","Le temps qu'il faut","0 €","Accomplir l'acte qui incarne toute ta transformation — **celui qui était impossible au Jour 1** — le documenter, et inviter une personne à commencer son année.","Ce n'est pas une case à cocher ni une cérémonie vide : c'est le **sommet de ton année**. Un seul acte, choisi par toi, qui prouve au monde et à toi-même que tu n'es plus la même personne. Et en invitant quelqu'un à démarrer, tu transformes ta réussite en transmission.","Choisis l'acte qui te terrifiait ou t'était inaccessible au Jour 1 et qui est devenu possible aujourd'hui — celui qui résume tout (une prise de parole, un saut, une déclaration, une rencontre, un dépassement). **Accomplis-le pour de vrai, aujourd'hui**, et documente-le (photo, vidéo, témoin). Invite une personne à commencer son propre parcours, et remplis ta **Carte de l'Année** et ton **Certificat de Transformation**.","Choisis un acte signature plus modeste, mais authentiquement hors de portée pour le toi d'il y a un an.","Accomplis-le en public, devant ceux qui comptent, et célèbre ouvertement.","La fierté immense, gagnée et indéniable, d'avoir tenu une année entière — et d'en faire la preuve vivante.","À venir","Non","",""
